Unnamed: 0,date,temperature_2m_max,temperature_2m_min,precipitation_sum,wind_speed_10m_max,wind_direction_10m_dominant,relative_humidity_2m_mean,surface_pressure_mean,cloud_cover_mean,visibility_mean,sunrise,sunset,moon_phase,year,month,day,day_of_week,day_name,week_of_year,quarter,sunrise_hour,sunrise_minute,sunset_hour,sunset_minute
0,2025-01-01,27.4,15.6,0.0,14.1,5,60,852.2,91,0.0,2025-01-01 03:56:32.833195+00:00,2025-01-01 16:10:14.398345+00:00,Last Quarter,2025,1,1,2,6,1,1,3,56,16,10
1,2025-01-02,28.2,13.8,0.8,10.4,55,67,852.2,64,0.0,2025-01-02 03:57:01.849724+00:00,2025-01-02 16:10:41.246449+00:00,Last Quarter,2025,1,2,3,4,1,1,3,57,16,10
2,2025-01-03,27.9,15.9,1.0,11.1,2,69,852.8,77,0.0,2025-01-03 03:57:30.603082+00:00,2025-01-03 16:11:07.651520+00:00,Last Quarter,2025,1,3,4,0,1,1,3,57,16,11
3,2025-01-04,28.0,13.9,1.4,9.7,24,63,852.6,49,0.0,2025-01-04 03:57:59.062840+00:00,2025-01-04 16:11:33.585496+00:00,Last Quarter,2025,1,4,5,2,1,1,3,57,16,11
4,2025-01-05,28.7,15.0,0.8,15.0,20,63,852.0,22,0.0,2025-01-05 03:58:27.199149+00:00,2025-01-05 16:11:59.021058+00:00,Last Quarter,2025,1,5,6,3,1,1,3,58,16,11
5,2025-01-06,28.9,13.6,0.4,12.0,31,62,852.1,51,0.0,2025-01-06 03:58:54.982790+00:00,2025-01-06 16:12:23.931670+00:00,New Moon,2025,1,6,0,1,2,1,3,58,16,12
6,2025-01-07,28.1,16.4,0.3,8.8,131,59,853.0,27,0.0,2025-01-07 03:59:22.385217+00:00,2025-01-07 16:12:48.291620+00:00,Waxing Crescent,2025,1,7,1,5,2,1,3,59,16,12
7,2025-01-08,29.6,15.6,0.3,11.3,159,56,853.2,49,0.0,2025-01-08 03:59:49.378606+00:00,2025-01-08 16:13:12.076052+00:00,Waxing Crescent,2025,1,8,2,6,2,1,3,59,16,13
8,2025-01-09,30.2,17.0,0.3,9.8,347,57,852.6,71,0.0,2025-01-09 04:00:15.935889+00:00,2025-01-09 16:13:35.261004+00:00,Waxing Crescent,2025,1,9,3,4,2,1,4,0,16,13
9,2025-01-10,28.2,15.6,13.5,10.0,329,71,853.0,78,0.0,2025-01-10 04:00:42.030804+00:00,2025-01-10 16:13:57.823439+00:00,Waxing Crescent,2025,1,10,4,0,2,1,4,0,16,13
10,2025-01-11,25.7,15.8,4.2,14.3,3,79,853.6,72,0.0,2025-01-11 04:01:07.637924+00:00,2025-01-11 16:14:19.741273+00:00,Waxing Crescent,2025,1,11,5,2,2,1,4,1,16,14
11,2025-01-12,26.8,14.8,1.6,9.9,351,79,852.4,81,0.0,2025-01-12 04:01:32.732700+00:00,2025-01-12 16:14:40.993404+00:00,Waxing Crescent,2025,1,12,6,3,2,1,4,1,16,14
12,2025-01-13,28.0,14.9,0.4,13.4,4,67,851.2,68,0.0,2025-01-13 04:01:57.291492+00:00,2025-01-13 16:15:01.559738+00:00,Waxing gibbous,2025,1,13,0,1,3,1,4,1,16,15
13,2025-01-14,28.8,15.6,0.7,18.0,4,63,850.5,94,0.0,2025-01-14 04:02:21.291601+00:00,2025-01-14 16:15:21.421209+00:00,Waxing gibbous,2025,1,14,1,5,3,1,4,2,16,15
14,2025-01-15,30.3,14.4,0.0,17.5,39,53,851.4,98,0.0,2025-01-15 04:02:44.711298+00:00,2025-01-15 16:15:40.559803+00:00,Waxing gibbous,2025,1,15,2,6,3,1,4,2,16,15
15,2025-01-16,30.1,14.0,0.0,17.1,74,55,852.3,96,0.0,2025-01-16 04:03:07.529852+00:00,2025-01-16 16:15:58.958574+00:00,Waxing gibbous,2025,1,16,3,4,3,1,4,3,16,15
16,2025-01-17,28.8,15.8,0.0,12.8,38,54,852.6,100,0.0,2025-01-17 04:03:29.727553+00:00,2025-01-17 16:16:16.601660+00:00,Waxing gibbous,2025,1,17,4,0,3,1,4,3,16,16
17,2025-01-18,29.0,15.6,0.2,9.3,12,60,851.6,98,0.0,2025-01-18 04:03:51.285734+00:00,2025-01-18 16:16:33.474297+00:00,Waxing gibbous,2025,1,18,5,2,3,1,4,3,16,16
18,2025-01-19,28.7,15.9,0.8,10.1,341,59,852.2,70,0.0,2025-01-19 04:04:12.186792+00:00,2025-01-19 16:16:49.562829+00:00,Waxing gibbous,2025,1,19,6,3,3,1,4,4,16,16
19,2025-01-20,29.0,15.1,1.9,12.4,323,70,852.8,82,0.0,2025-01-20 04:04:32.414205+00:00,2025-01-20 16:17:04.854716+00:00,Waning Gibbous,2025,1,20,0,1,4,1,4,4,16,17
20,2025-01-21,27.2,15.6,15.8,12.0,347,76,852.9,64,0.0,2025-01-21 04:04:51.952543+00:00,2025-01-21 16:17:19.338545+00:00,Waning Gibbous,2025,1,21,1,5,4,1,4,4,16,17
21,2025-01-22,26.1,14.1,6.0,9.9,341,85,853.0,70,0.0,2025-01-22 04:05:10.787485+00:00,2025-01-22 16:17:33.004027+00:00,Waning Gibbous,2025,1,22,2,6,4,1,4,5,16,17
22,2025-01-23,25.2,14.3,0.0,6.7,335,76,852.5,96,0.0,2025-01-23 04:05:28.905825+00:00,2025-01-23 16:17:45.842005+00:00,Waning Gibbous,2025,1,23,3,4,4,1,4,5,16,17
23,2025-01-24,26.5,16.2,11.6,10.9,342,77,851.7,70,0.0,2025-01-24 04:05:46.295479+00:00,2025-01-24 16:17:57.844447+00:00,Waning Gibbous,2025,1,24,4,0,4,1,4,5,16,17
24,2025-01-25,24.1,14.6,6.5,12.5,291,86,852.2,96,0.0,2025-01-25 04:06:02.945491+00:00,2025-01-25 16:18:09.004450+00:00,Waning Gibbous,2025,1,25,5,2,4,1,4,6,16,18
25,2025-01-26,25.6,15.4,0.8,8.9,341,80,852.9,67,0.0,2025-01-26 04:06:18.846034+00:00,2025-01-26 16:18:19.316230+00:00,Waning Gibbous,2025,1,26,6,3,4,1,4,6,16,18
26,2025-01-27,25.4,13.4,5.1,10.8,322,79,852.0,52,0.0,2025-01-27 04:06:33.988411+00:00,2025-01-27 16:18:28.775119+00:00,Waning Gibbous,2025,1,27,0,1,5,1,4,6,16,18
27,2025-01-28,24.1,15.4,0.4,7.7,305,83,852.4,94,0.0,2025-01-28 04:06:48.365050+00:00,2025-01-28 16:18:37.377551+00:00,Last Quarter,2025,1,28,1,5,5,1,4,6,16,18
28,2025-01-29,24.2,14.4,4.0,9.0,352,82,852.8,94,0.0,2025-01-29 04:07:01.969501+00:00,2025-01-29 16:18:45.121057+00:00,Last Quarter,2025,1,29,2,6,5,1,4,7,16,18
29,2025-01-30,26.4,14.9,0.1,9.4,27,79,852.9,71,0.0,2025-01-30 04:07:14.796427+00:00,2025-01-30 16:18:52.004248+00:00,Last Quarter,2025,1,30,3,4,5,1,4,7,16,18
30,2025-01-31,25.4,14.6,1.1,10.1,234,78,852.2,60,0.0,2025-01-31 04:07:26.841597+00:00,2025-01-31 16:18:58.026800+00:00,Last Quarter,2025,1,31,4,0,5,1,4,7,16,18
31,2025-02-01,25.5,14.8,4.2,13.3,35,78,852.4,55,0.0,2025-02-01 04:07:38.101874+00:00,2025-02-01 16:19:03.189442+00:00,Last Quarter,2025,2,1,5,2,5,1,4,7,16,19
32,2025-02-02,25.8,16.0,1.2,10.9,335,76,851.8,70,0.0,2025-02-02 04:07:48.575199+00:00,2025-02-02 16:19:07.493933+00:00,Last Quarter,2025,2,2,6,3,5,1,4,7,16,19
33,2025-02-03,27.2,16.4,1.3,8.6,345,76,851.3,76,0.0,2025-02-03 04:07:58.260579+00:00,2025-02-03 16:19:10.943045+00:00,Last Quarter,2025,2,3,0,1,6,1,4,7,16,19
34,2025-02-04,24.4,16.5,5.7,8.0,310,83,851.3,100,0.0,2025-02-04 04:08:07.158069+00:00,2025-02-04 16:19:13.540544+00:00,New Moon,2025,2,4,1,5,6,1,4,8,16,19
35,2025-02-05,26.0,15.9,1.6,11.5,292,79,850.9,100,0.0,2025-02-05 04:08:15.268754+00:00,2025-02-05 16:19:15.291163+00:00,Waxing Crescent,2025,2,5,2,6,6,1,4,8,16,19
36,2025-02-06,27.1,15.9,4.9,12.8,309,77,850.6,97,0.0,2025-02-06 04:08:22.594726+00:00,2025-02-06 16:19:16.200580+00:00,Waxing Crescent,2025,2,6,3,4,6,1,4,8,16,19
37,2025-02-07,25.8,15.4,0.5,8.3,333,75,851.5,84,0.0,2025-02-07 04:08:29.139064+00:00,2025-02-07 16:19:16.275397+00:00,Waxing Crescent,2025,2,7,4,0,6,1,4,8,16,19
38,2025-02-08,25.5,15.8,6.5,7.3,242,85,852.9,82,0.0,2025-02-08 04:08:34.905812+00:00,2025-02-08 16:19:15.523110+00:00,Waxing Crescent,2025,2,8,5,2,6,1,4,8,16,19
39,2025-02-09,26.9,15.2,0.1,13.0,45,78,852.3,55,0.0,2025-02-09 04:08:39.899954+00:00,2025-02-09 16:19:13.952082+00:00,Waxing Crescent,2025,2,9,6,3,6,1,4,8,16,19
40,2025-02-10,28.0,14.4,0.3,8.9,36,73,850.1,82,0.0,2025-02-10 04:08:44.127386+00:00,2025-02-10 16:19:11.571519+00:00,Waxing Crescent,2025,2,10,0,1,7,1,4,8,16,19
41,2025-02-11,26.1,15.8,4.3,11.2,328,77,850.1,94,0.0,2025-02-11 04:08:47.594892+00:00,2025-02-11 16:19:08.391438+00:00,Waxing gibbous,2025,2,11,1,5,7,1,4,8,16,19
42,2025-02-12,26.9,15.3,1.9,8.4,312,77,851.0,94,0.0,2025-02-12 04:08:50.310114+00:00,2025-02-12 16:19:04.422640+00:00,Waxing gibbous,2025,2,12,2,6,7,1,4,8,16,19
43,2025-02-13,27.8,15.9,0.4,8.7,284,73,851.6,89,0.0,2025-02-13 04:08:52.281527+00:00,2025-02-13 16:18:59.676681+00:00,Waxing gibbous,2025,2,13,3,4,7,1,4,8,16,18
44,2025-02-14,26.7,15.9,13.7,13.7,298,78,852.4,98,0.0,2025-02-14 04:08:53.518407+00:00,2025-02-14 16:18:54.165838+00:00,Waxing gibbous,2025,2,14,4,0,7,1,4,8,16,18
45,2025-02-15,27.8,14.1,1.2,13.1,322,77,852.5,93,0.0,2025-02-15 04:08:54.030803+00:00,2025-02-15 16:18:47.903085+00:00,Waxing gibbous,2025,2,15,5,2,7,1,4,8,16,18
46,2025-02-16,27.8,15.1,1.0,11.4,323,73,851.2,46,0.0,2025-02-16 04:08:53.829503+00:00,2025-02-16 16:18:40.902057+00:00,Waxing gibbous,2025,2,16,6,3,7,1,4,8,16,18
47,2025-02-17,27.7,15.1,1.4,10.4,350,76,851.3,53,0.0,2025-02-17 04:08:52.926010+00:00,2025-02-17 16:18:33.177021+00:00,Waxing gibbous,2025,2,17,0,1,8,1,4,8,16,18
48,2025-02-18,28.4,13.4,0.4,12.1,29,67,851.9,34,0.0,2025-02-18 04:08:51.332505+00:00,2025-02-18 16:18:24.742847+00:00,Waning Gibbous,2025,2,18,1,5,8,1,4,8,16,18
49,2025-02-19,30.3,15.0,0.0,12.1,359,58,852.3,18,0.0,2025-02-19 04:08:49.061819+00:00,2025-02-19 16:18:15.614972+00:00,Waning Gibbous,2025,2,19,2,6,8,1,4,8,16,18
50,2025-02-20,31.8,14.2,0.0,13.3,22,46,851.9,63,0.0,2025-02-20 04:08:46.127399+00:00,2025-02-20 16:18:05.809377+00:00,Waning Gibbous,2025,2,20,3,4,8,1,4,8,16,18
51,2025-02-21,31.4,14.9,0.1,12.9,23,44,852.1,66,0.0,2025-02-21 04:08:42.543283+00:00,2025-02-21 16:17:55.342550+00:00,Waning Gibbous,2025,2,21,4,0,8,1,4,8,16,17
52,2025-02-22,31.2,17.4,0.2,12.5,31,50,852.5,45,0.0,2025-02-22 04:08:38.324061+00:00,2025-02-22 16:17:44.231458+00:00,Waning Gibbous,2025,2,22,5,2,8,1,4,8,16,17
53,2025-02-23,31.5,16.0,0.2,10.1,72,51,853.0,47,0.0,2025-02-23 04:08:33.484849+00:00,2025-02-23 16:17:32.493520+00:00,Waning Gibbous,2025,2,23,6,3,8,1,4,8,16,17
54,2025-02-24,31.8,16.0,0.0,14.2,40,46,853.1,89,0.0,2025-02-24 04:08:28.041259+00:00,2025-02-24 16:17:20.146570+00:00,Waning Gibbous,2025,2,24,0,1,9,1,4,8,16,17
55,2025-02-25,31.3,15.9,0.1,19.0,34,46,852.6,75,0.0,2025-02-25 04:08:22.009365+00:00,2025-02-25 16:17:07.208839+00:00,Waning Gibbous,2025,2,25,1,5,9,1,4,8,16,17
56,2025-02-26,32.7,14.9,0.1,21.1,31,43,853.2,36,0.0,2025-02-26 04:08:15.405676+00:00,2025-02-26 16:16:53.698915+00:00,Last Quarter,2025,2,26,2,6,9,1,4,8,16,16
57,2025-02-27,32.3,15.8,0.0,15.2,57,38,853.8,16,0.0,2025-02-27 04:08:08.247107+00:00,2025-02-27 16:16:39.635723+00:00,Last Quarter,2025,2,27,3,4,9,1,4,8,16,16
58,2025-02-28,33.0,15.3,0.0,13.1,47,39,853.3,55,0.0,2025-02-28 04:08:00.550947+00:00,2025-02-28 16:16:25.038498+00:00,Last Quarter,2025,2,28,4,0,9,1,4,8,16,16
59,2025-03-01,32.6,16.5,0.0,13.9,81,45,852.4,71,0.0,2025-03-01 04:07:52.334836+00:00,2025-03-01 16:16:09.926753+00:00,Last Quarter,2025,3,1,5,2,9,1,4,7,16,16
60,2025-03-02,31.0,17.1,0.3,14.3,156,56,852.7,54,0.0,2025-03-02 04:07:43.616731+00:00,2025-03-02 16:15:54.320257+00:00,Last Quarter,2025,3,2,6,3,9,1,4,7,16,15
61,2025-03-03,29.1,15.5,2.6,12.8,301,69,851.7,24,0.0,2025-03-03 04:07:34.414887+00:00,2025-03-03 16:15:38.239010+00:00,Last Quarter,2025,3,3,0,1,10,1,4,7,16,15
62,2025-03-04,28.4,16.0,0.5,12.0,194,69,851.4,45,0.0,2025-03-04 04:07:24.747823+00:00,2025-03-04 16:15:21.703221+00:00,Last Quarter,2025,3,4,1,5,10,1,4,7,16,15
63,2025-03-05,29.5,17.0,1.0,15.2,334,67,851.1,76,0.0,2025-03-05 04:07:14.634304+00:00,2025-03-05 16:15:04.733278+00:00,Last Quarter,2025,3,5,2,6,10,1,4,7,16,15
64,2025-03-06,31.9,17.1,0.0,17.1,90,51,852.2,92,0.0,2025-03-06 04:07:04.093309+00:00,2025-03-06 16:14:47.349733+00:00,New Moon,2025,3,6,3,4,10,1,4,7,16,14
65,2025-03-07,31.1,19.1,1.0,14.8,197,51,852.4,73,0.0,2025-03-07 04:06:53.144016+00:00,2025-03-07 16:14:29.573277+00:00,Waxing Crescent,2025,3,7,4,0,10,1,4,6,16,14
66,2025-03-08,26.8,17.8,13.7,20.5,324,73,851.5,81,0.0,2025-03-08 04:06:41.805772+00:00,2025-03-08 16:14:11.424719+00:00,Waxing Crescent,2025,3,8,5,2,10,1,4,6,16,14
67,2025-03-09,26.5,15.4,8.6,16.1,316,82,851.6,82,0.0,2025-03-09 04:06:30.098073+00:00,2025-03-09 16:13:52.924966+00:00,Waxing Crescent,2025,3,9,6,3,10,1,4,6,16,13
68,2025-03-10,26.9,16.2,2.9,8.9,352,80,852.6,90,0.0,2025-03-10 04:06:18.040546+00:00,2025-03-10 16:13:34.095008+00:00,Waxing Crescent,2025,3,10,0,1,11,1,4,6,16,13
69,2025-03-11,27.6,15.9,17.7,12.2,332,84,852.0,93,0.0,2025-03-11 04:06:05.652926+00:00,2025-03-11 16:13:14.955894+00:00,Waxing Crescent,2025,3,11,1,5,11,1,4,6,16,13
70,2025-03-12,25.0,14.9,10.1,15.5,353,85,851.8,94,0.0,2025-03-12 04:05:52.955035+00:00,2025-03-12 16:12:55.528718+00:00,Waxing Crescent,2025,3,12,2,6,11,1,4,5,16,12
71,2025-03-13,26.4,15.6,1.0,9.5,33,81,851.7,89,0.0,2025-03-13 04:05:39.966767+00:00,2025-03-13 16:12:35.834603+00:00,Waxing gibbous,2025,3,13,3,4,11,1,4,5,16,12
72,2025-03-14,27.4,15.2,0.1,9.0,23,71,851.6,47,0.0,2025-03-14 04:05:26.708070+00:00,2025-03-14 16:12:15.894685+00:00,Waxing gibbous,2025,3,14,4,0,11,1,4,5,16,12
73,2025-03-15,26.5,16.5,1.8,9.3,316,77,853.2,94,0.0,2025-03-15 04:05:13.198925+00:00,2025-03-15 16:11:55.730096+00:00,Waxing gibbous,2025,3,15,5,2,11,1,4,5,16,11
74,2025-03-16,24.5,15.7,6.5,9.7,196,87,854.2,90,0.0,2025-03-16 04:04:59.459335+00:00,2025-03-16 16:11:35.361953+00:00,Waxing gibbous,2025,3,16,6,3,11,1,4,4,16,11
75,2025-03-17,25.5,14.6,1.1,12.4,141,79,853.2,46,0.0,2025-03-17 04:04:45.509304+00:00,2025-03-17 16:11:14.811343+00:00,Waxing gibbous,2025,3,17,0,1,12,1,4,4,16,11
76,2025-03-18,26.8,15.6,10.0,14.3,218,81,852.3,90,0.0,2025-03-18 04:04:31.368830+00:00,2025-03-18 16:10:54.099310+00:00,Waxing gibbous,2025,3,18,1,5,12,1,4,4,16,10
77,2025-03-19,24.6,15.1,3.2,10.4,225,87,853.3,100,0.0,2025-03-19 04:04:17.057881+00:00,2025-03-19 16:10:33.246842+00:00,Waxing gibbous,2025,3,19,2,6,12,1,4,4,16,10
78,2025-03-20,22.4,15.5,4.1,8.4,360,88,855.2,89,0.0,2025-03-20 04:04:02.596390+00:00,2025-03-20 16:10:12.274863+00:00,Waning Gibbous,2025,3,20,3,4,12,1,4,4,16,10
79,2025-03-21,25.3,16.0,0.8,10.8,127,80,854.8,54,0.0,2025-03-21 04:03:48.004239+00:00,2025-03-21 16:09:51.204219+00:00,Waning Gibbous,2025,3,21,4,0,12,1,4,3,16,9
80,2025-03-22,25.4,15.2,4.1,9.9,333,83,853.1,51,0.0,2025-03-22 04:03:33.301242+00:00,2025-03-22 16:09:30.055666+00:00,Waning Gibbous,2025,3,22,5,2,12,1,4,3,16,9
81,2025-03-23,25.5,15.4,6.3,13.8,11,80,852.9,95,0.0,2025-03-23 04:03:18.507143+00:00,2025-03-23 16:09:08.849866+00:00,Waning Gibbous,2025,3,23,6,3,12,1,4,3,16,9
82,2025-03-24,25.5,13.7,0.5,9.7,40,76,853.9,75,0.0,2025-03-24 04:03:03.641595+00:00,2025-03-24 16:08:47.607368+00:00,Waning Gibbous,2025,3,24,0,1,13,1,4,3,16,8
83,2025-03-25,26.0,15.6,2.0,8.2,135,78,853.2,48,0.0,2025-03-25 04:02:48.724153+00:00,2025-03-25 16:08:26.348607+00:00,Waning Gibbous,2025,3,25,1,5,13,1,4,2,16,8
84,2025-03-26,27.1,15.6,1.2,8.9,326,78,851.5,51,0.0,2025-03-26 04:02:33.774264+00:00,2025-03-26 16:08:05.093892+00:00,Waning Gibbous,2025,3,26,2,6,13,1,4,2,16,8
85,2025-03-27,26.9,16.1,23.0,12.1,275,81,851.1,91,0.0,2025-03-27 04:02:18.811253+00:00,2025-03-27 16:07:43.863393+00:00,Waning Gibbous,2025,3,27,3,4,13,1,4,2,16,7
86,2025-03-28,23.5,15.9,7.8,9.9,223,88,852.4,74,0.0,2025-03-28 04:02:03.854317+00:00,2025-03-28 16:07:22.677139+00:00,Last Quarter,2025,3,28,4,0,13,1,4,2,16,7
87,2025-03-29,24.8,16.5,3.3,7.0,161,83,852.7,87,0.0,2025-03-29 04:01:48.922510+00:00,2025-03-29 16:07:01.555004+00:00,Last Quarter,2025,3,29,5,2,13,1,4,1,16,7
88,2025-03-30,25.8,16.5,12.9,8.0,176,82,851.6,78,0.0,2025-03-30 04:01:34.034737+00:00,2025-03-30 16:06:40.516701+00:00,Last Quarter,2025,3,30,6,3,13,1,4,1,16,6
89,2025-03-31,25.5,15.6,5.0,12.8,122,85,852.0,77,0.0,2025-03-31 04:01:19.209740+00:00,2025-03-31 16:06:19.581770+00:00,Last Quarter,2025,3,31,0,1,14,1,4,1,16,6
90,2025-04-01,24.2,15.5,10.8,16.0,95,86,852.1,93,0.0,2025-04-01 04:01:04.466092+00:00,2025-04-01 16:05:58.769573+00:00,Last Quarter,2025,4,1,1,5,14,2,4,1,16,5
91,2025-04-02,25.4,15.0,3.9,13.3,353,84,852.1,85,0.0,2025-04-02 04:00:49.822184+00:00,2025-04-02 16:05:38.099284+00:00,Last Quarter,2025,4,2,2,6,14,2,4,0,16,5
92,2025-04-03,25.0,15.6,3.3,10.4,182,84,852.7,74,0.0,2025-04-03 04:00:35.296213+00:00,2025-04-03 16:05:17.589879+00:00,Last Quarter,2025,4,3,3,4,14,2,4,0,16,5
93,2025-04-04,25.5,15.4,1.9,10.0,193,83,852.4,65,0.0,2025-04-04 04:00:20.906177+00:00,2025-04-04 16:04:57.260125+00:00,Last Quarter,2025,4,4,4,0,14,2,4,0,16,4
94,2025-04-05,25.0,16.1,12.7,10.6,144,85,852.4,96,0.0,2025-04-05 04:00:06.669859+00:00,2025-04-05 16:04:37.128574+00:00,New Moon,2025,4,5,5,2,14,2,4,0,16,4
95,2025-04-06,22.9,15.9,4.8,9.9,168,86,852.5,100,0.0,2025-04-06 03:59:52.604818+00:00,2025-04-06 16:04:17.213551+00:00,Waxing Crescent,2025,4,6,6,3,14,2,3,59,16,4
96,2025-04-07,22.9,16.4,9.5,7.0,236,86,853.9,93,0.0,2025-04-07 03:59:38.728378+00:00,2025-04-07 16:03:57.533144+00:00,Waxing Crescent,2025,4,7,0,1,15,2,3,59,16,3
97,2025-04-08,24.4,15.0,1.9,8.9,31,85,854.8,51,0.0,2025-04-08 03:59:25.057617+00:00,2025-04-08 16:03:38.105193+00:00,Waxing Crescent,2025,4,8,1,5,15,2,3,59,16,3
98,2025-04-09,25.8,14.5,0.3,6.5,12,78,854.1,55,0.0,2025-04-09 03:59:11.609354+00:00,2025-04-09 16:03:18.947279+00:00,Waxing Crescent,2025,4,9,2,6,15,2,3,59,16,3
99,2025-04-10,24.6,15.8,10.6,9.5,295,84,853.1,72,0.0,2025-04-10 03:58:58.400136+00:00,2025-04-10 16:03:00.076715+00:00,Waxing Crescent,2025,4,10,3,4,15,2,3,58,16,3
100,2025-04-11,26.0,14.9,4.9,10.2,311,83,851.6,80,0.0,2025-04-11 03:58:45.446228+00:00,2025-04-11 16:02:41.510530+00:00,Waxing Crescent,2025,4,11,4,0,15,2,3,58,16,2
101,2025-04-12,24.5,15.9,3.0,9.8,200,83,852.2,98,0.0,2025-04-12 03:58:32.763596+00:00,2025-04-12 16:02:23.265458+00:00,Waxing gibbous,2025,4,12,5,2,15,2,3,58,16,2
102,2025-04-13,22.6,15.5,3.9,10.3,149,88,853.9,91,0.0,2025-04-13 03:58:20.367899+00:00,2025-04-13 16:02:05.357928+00:00,Waxing gibbous,2025,4,13,6,3,15,2,3,58,16,2
103,2025-04-14,24.6,15.1,6.7,10.0,165,84,854.0,61,0.0,2025-04-14 03:58:08.274470+00:00,2025-04-14 16:01:47.804048+00:00,Waxing gibbous,2025,4,14,0,1,16,2,3,58,16,1
104,2025-04-15,23.3,16.0,7.7,11.0,236,85,853.5,78,0.0,2025-04-15 03:57:56.498302+00:00,2025-04-15 16:01:30.619589+00:00,Waxing gibbous,2025,4,15,1,5,16,2,3,57,16,1
105,2025-04-16,24.1,15.4,6.8,8.8,43,83,853.7,84,0.0,2025-04-16 03:57:45.054038+00:00,2025-04-16 16:01:13.819977+00:00,Waxing gibbous,2025,4,16,2,6,16,2,3,57,16,1
106,2025-04-17,25.1,13.2,0.2,6.9,86,76,853.0,45,0.0,2025-04-17 03:57:33.955951+00:00,2025-04-17 16:00:57.420272+00:00,Waxing gibbous,2025,4,17,3,4,16,2,3,57,16,0
107,2025-04-18,23.6,15.9,5.1,9.9,247,85,853.2,66,0.0,2025-04-18 03:57:23.217929+00:00,2025-04-18 16:00:41.435157+00:00,Waxing gibbous,2025,4,18,4,0,16,2,3,57,16,0
108,2025-04-19,24.5,15.9,9.9,8.9,308,86,852.8,98,0.0,2025-04-19 03:57:12.853462+00:00,2025-04-19 16:00:25.878919+00:00,Waning Gibbous,2025,4,19,5,2,16,2,3,57,16,0
109,2025-04-20,24.8,14.8,2.2,7.3,83,84,852.2,86,0.0,2025-04-20 03:57:02.875621+00:00,2025-04-20 16:00:10.765437+00:00,Waning Gibbous,2025,4,20,6,3,16,2,3,57,16,0
110,2025-04-21,25.8,15.3,2.0,9.0,118,79,852.1,44,0.0,2025-04-21 03:56:53.297046+00:00,2025-04-21 15:59:56.108161+00:00,Waning Gibbous,2025,4,21,0,1,17,2,3,56,15,59
111,2025-04-22,24.5,15.7,8.1,9.0,184,82,852.4,72,0.0,2025-04-22 03:56:44.129926+00:00,2025-04-22 15:59:41.920099+00:00,Waning Gibbous,2025,4,22,1,5,17,2,3,56,15,59
112,2025-04-23,22.6,15.6,9.0,14.2,199,88,852.6,88,0.0,2025-04-23 03:56:35.385983+00:00,2025-04-23 15:59:28.213797+00:00,Waning Gibbous,2025,4,23,2,6,17,2,3,56,15,59
113,2025-04-24,23.6,15.1,1.8,9.4,137,87,852.5,95,0.0,2025-04-24 03:56:27.076453+00:00,2025-04-24 15:59:15.001323+00:00,Waning Gibbous,2025,4,24,3,4,17,2,3,56,15,59
114,2025-04-25,24.6,14.3,4.2,12.3,211,86,852.5,75,0.0,2025-04-25 03:56:19.212069+00:00,2025-04-25 15:59:02.294251+00:00,Waning Gibbous,2025,4,25,4,0,17,2,3,56,15,59
115,2025-04-26,25.2,14.6,0.4,11.4,186,76,852.4,47,0.0,2025-04-26 03:56:11.803046+00:00,2025-04-26 15:58:50.103640+00:00,Waning Gibbous,2025,4,26,5,2,17,2,3,56,15,58
116,2025-04-27,26.3,15.2,0.6,14.0,170,71,852.0,24,0.0,2025-04-27 03:56:04.859057+00:00,2025-04-27 15:58:38.440016+00:00,Last Quarter,2025,4,27,6,3,17,2,3,56,15,58
117,2025-04-28,26.0,16.0,2.1,13.4,183,70,851.7,82,0.0,2025-04-28 03:55:58.389220+00:00,2025-04-28 15:58:27.313357+00:00,Last Quarter,2025,4,28,0,1,18,2,3,55,15,58
118,2025-04-29,25.0,15.1,1.5,10.3,220,79,851.5,72,0.0,2025-04-29 03:55:52.402080+00:00,2025-04-29 15:58:16.733075+00:00,Last Quarter,2025,4,29,1,5,18,2,3,55,15,58
119,2025-04-30,25.0,15.6,3.8,9.9,189,81,851.7,81,0.0,2025-04-30 03:55:46.905587+00:00,2025-04-30 15:58:06.707992+00:00,Last Quarter,2025,4,30,2,6,18,2,3,55,15,58
120,2025-05-01,27.2,14.6,2.6,10.0,340,79,851.7,77,0.0,2025-05-01 03:55:41.907082+00:00,2025-05-01 15:57:57.246331+00:00,Last Quarter,2025,5,1,3,4,18,2,3,55,15,57
121,2025-05-02,25.3,16.0,2.9,12.8,280,82,852.5,95,0.0,2025-05-02 03:55:37.413280+00:00,2025-05-02 15:57:48.355692+00:00,Last Quarter,2025,5,2,4,0,18,2,3,55,15,57
122,2025-05-03,24.4,15.5,3.1,12.2,292,78,852.7,100,0.0,2025-05-03 03:55:33.430250+00:00,2025-05-03 15:57:40.043035+00:00,Last Quarter,2025,5,3,5,2,18,2,3,55,15,57
123,2025-05-04,25.0,15.3,8.6,12.5,315,82,853.0,99,0.0,2025-05-04 03:55:29.963401+00:00,2025-05-04 15:57:32.314665+00:00,New Moon,2025,5,4,6,3,18,2,3,55,15,57
124,2025-05-05,22.8,14.4,10.3,13.2,214,88,853.8,95,0.0,2025-05-05 03:55:27.017462+00:00,2025-05-05 15:57:25.176218+00:00,Waxing Crescent,2025,5,5,0,1,19,2,3,55,15,57
125,2025-05-06,23.5,14.9,9.3,12.0,182,88,854.3,80,0.0,2025-05-06 03:55:24.596471+00:00,2025-05-06 15:57:18.632636+00:00,Waxing Crescent,2025,5,6,1,5,19,2,3,55,15,57
126,2025-05-07,22.3,15.2,10.0,11.9,218,89,854.3,88,0.0,2025-05-07 03:55:22.703758+00:00,2025-05-07 15:57:12.688161+00:00,Waxing Crescent,2025,5,7,2,6,19,2,3,55,15,57
127,2025-05-08,23.0,15.9,3.9,9.8,157,85,853.7,84,0.0,2025-05-08 03:55:21.341928+00:00,2025-05-08 15:57:07.346314+00:00,Waxing Crescent,2025,5,8,3,4,19,2,3,55,15,57
128,2025-05-09,24.1,15.6,4.9,10.3,176,85,853.8,52,0.0,2025-05-09 03:55:20.512851+00:00,2025-05-09 15:57:02.609882+00:00,Waxing Crescent,2025,5,9,4,0,19,2,3,55,15,57
129,2025-05-10,22.1,15.6,11.0,11.2,219,89,854.7,64,0.0,2025-05-10 03:55:20.217647+00:00,2025-05-10 15:56:58.480908+00:00,Waxing Crescent,2025,5,10,5,2,19,2,3,55,15,56
130,2025-05-11,23.8,14.8,1.0,6.8,283,85,854.8,76,0.0,2025-05-11 03:55:20.456675+00:00,2025-05-11 15:56:54.960671+00:00,Waxing gibbous,2025,5,11,6,3,19,2,3,55,15,56
131,2025-05-12,23.8,14.8,0.4,10.6,216,86,854.7,91,0.0,2025-05-12 03:55:21.229522+00:00,2025-05-12 15:56:52.049684+00:00,Waxing gibbous,2025,5,12,0,1,20,2,3,55,15,56
132,2025-05-13,23.0,16.4,5.0,9.0,178,87,854.6,93,0.0,2025-05-13 03:55:22.534994+00:00,2025-05-13 15:56:49.747674+00:00,Waxing gibbous,2025,5,13,1,5,20,2,3,55,15,56
133,2025-05-14,23.0,15.8,10.4,11.4,272,88,854.0,84,0.0,2025-05-14 03:55:24.371103+00:00,2025-05-14 15:56:48.053578+00:00,Waxing gibbous,2025,5,14,2,6,20,2,3,55,15,56
134,2025-05-15,23.0,15.1,1.1,11.4,11,84,853.6,66,0.0,2025-05-15 03:55:26.735067+00:00,2025-05-15 15:56:46.965535+00:00,Waxing gibbous,2025,5,15,3,4,20,2,3,55,15,56
135,2025-05-16,23.5,14.6,0.7,9.7,209,79,853.2,58,0.0,2025-05-16 03:55:29.623296+00:00,2025-05-16 15:56:46.480873+00:00,Waxing gibbous,2025,5,16,4,0,20,2,3,55,15,56
136,2025-05-17,24.3,15.9,1.3,12.4,185,76,853.0,60,0.0,2025-05-17 03:55:33.031394+00:00,2025-05-17 15:56:46.596111+00:00,Waxing gibbous,2025,5,17,5,2,20,2,3,55,15,56
137,2025-05-18,24.5,14.9,0.6,11.0,226,76,852.4,47,0.0,2025-05-18 03:55:36.954148+00:00,2025-05-18 15:56:47.306950+00:00,Waning Gibbous,2025,5,18,6,3,20,2,3,55,15,56
138,2025-05-19,24.9,15.4,5.8,9.8,215,78,852.9,79,0.0,2025-05-19 03:55:41.385536+00:00,2025-05-19 15:56:48.608268+00:00,Waning Gibbous,2025,5,19,0,1,21,2,3,55,15,56
139,2025-05-20,23.4,15.6,8.3,11.8,287,88,853.1,84,0.0,2025-05-20 03:55:46.318714+00:00,2025-05-20 15:56:50.494123+00:00,Waning Gibbous,2025,5,20,1,5,21,2,3,55,15,56
140,2025-05-21,24.9,14.9,3.1,10.7,269,84,853.7,65,0.0,2025-05-21 03:55:51.746030+00:00,2025-05-21 15:56:52.957751+00:00,Waning Gibbous,2025,5,21,2,6,21,2,3,55,15,56
141,2025-05-22,24.6,14.8,4.4,11.0,267,85,854.7,73,0.0,2025-05-22 03:55:57.659016+00:00,2025-05-22 15:56:55.991566+00:00,Waning Gibbous,2025,5,22,3,4,21,2,3,55,15,56
142,2025-05-23,21.5,15.2,16.0,13.7,259,89,854.9,81,0.0,2025-05-23 03:56:04.048399+00:00,2025-05-23 15:56:59.587164+00:00,Waning Gibbous,2025,5,23,4,0,21,2,3,56,15,56
143,2025-05-24,24.3,14.8,0.3,10.6,246,79,853.5,91,0.0,2025-05-24 03:56:10.904102+00:00,2025-05-24 15:57:03.735328+00:00,Waning Gibbous,2025,5,24,5,2,21,2,3,56,15,57
144,2025-05-25,24.2,15.2,0.4,12.6,176,75,854.0,71,0.0,2025-05-25 03:56:18.215258+00:00,2025-05-25 15:57:08.426034+00:00,Waning Gibbous,2025,5,25,6,3,21,2,3,56,15,57
145,2025-05-26,24.4,16.6,0.5,12.8,208,73,855.4,89,0.0,2025-05-26 03:56:25.970210+00:00,2025-05-26 15:57:13.648459+00:00,Last Quarter,2025,5,26,0,1,22,2,3,56,15,57
146,2025-05-27,24.6,15.0,2.8,13.2,17,77,855.2,55,0.0,2025-05-27 03:56:34.156533+00:00,2025-05-27 15:57:19.390988+00:00,Last Quarter,2025,5,27,1,5,22,2,3,56,15,57
147,2025-05-28,24.7,15.1,4.8,10.2,332,82,856.0,77,0.0,2025-05-28 03:56:42.761037+00:00,2025-05-28 15:57:25.641233+00:00,Last Quarter,2025,5,28,2,6,22,2,3,56,15,57
148,2025-05-29,24.9,14.8,0.0,12.8,168,72,855.8,56,0.0,2025-05-29 03:56:51.769788+00:00,2025-05-29 15:57:32.386035+00:00,Last Quarter,2025,5,29,3,4,22,2,3,56,15,57
149,2025-05-30,25.4,15.1,0.4,14.0,172,69,855.5,66,0.0,2025-05-30 03:57:01.168119+00:00,2025-05-30 15:57:39.611489+00:00,Last Quarter,2025,5,30,4,0,22,2,3,57,15,57
150,2025-05-31,25.8,16.1,0.0,13.1,180,67,855.6,90,0.0,2025-05-31 03:57:10.940654+00:00,2025-05-31 15:57:47.302953+00:00,Last Quarter,2025,5,31,5,2,22,2,3,57,15,57
151,2025-06-01,25.9,15.0,0.0,13.0,203,65,855.6,78,0.0,2025-06-01 03:57:21.071321+00:00,2025-06-01 15:57:55.445070+00:00,Last Quarter,2025,6,1,6,3,22,2,3,57,15,57
152,2025-06-02,26.7,14.2,0.0,8.5,249,62,855.0,20,0.0,2025-06-02 03:57:31.543378+00:00,2025-06-02 15:58:04.021789+00:00,Last Quarter,2025,6,2,0,1,23,2,3,57,15,58
153,2025-06-03,26.6,16.4,0.5,8.0,240,63,854.7,53,0.0,2025-06-03 03:57:42.339436+00:00,2025-06-03 15:58:13.016382+00:00,New Moon,2025,6,3,1,5,23,2,3,57,15,58
154,2025-06-04,23.7,16.3,3.2,12.3,305,76,854.6,90,0.0,2025-06-04 03:57:53.441477+00:00,2025-06-04 15:58:22.411471+00:00,Waxing Crescent,2025,6,4,2,6,23,2,3,57,15,58
155,2025-06-05,24.1,16.1,1.9,12.4,322,77,855.2,88,0.0,2025-06-05 03:58:04.830889+00:00,2025-06-05 15:58:32.189049+00:00,Waxing Crescent,2025,6,5,3,4,23,2,3,58,15,58
156,2025-06-06,22.6,15.8,1.5,8.4,320,84,855.8,84,0.0,2025-06-06 03:58:16.488487+00:00,2025-06-06 15:58:42.330511+00:00,Waxing Crescent,2025,6,6,4,0,23,2,3,58,15,58
157,2025-06-07,24.0,16.6,0.3,10.8,281,78,855.2,66,0.0,2025-06-07 03:58:28.394545+00:00,2025-06-07 15:58:52.816678+00:00,Waxing Crescent,2025,6,7,5,2,23,2,3,58,15,58
158,2025-06-08,24.7,15.5,0.7,9.9,355,77,854.9,51,0.0,2025-06-08 03:58:40.528826+00:00,2025-06-08 15:59:03.627827+00:00,Waxing Crescent,2025,6,8,6,3,23,2,3,58,15,59
159,2025-06-09,25.2,14.6,1.3,11.1,96,72,854.6,33,0.0,2025-06-09 03:58:52.870612+00:00,2025-06-09 15:59:14.743722+00:00,Waxing Crescent,2025,6,9,0,1,24,2,3,58,15,59
160,2025-06-10,26.0,15.1,0.5,13.0,148,70,854.1,43,0.0,2025-06-10 03:59:05.398739+00:00,2025-06-10 15:59:26.143647+00:00,Waxing gibbous,2025,6,10,1,5,24,2,3,59,15,59
161,2025-06-11,26.0,15.1,0.1,10.2,174,66,853.5,66,0.0,2025-06-11 03:59:18.091629+00:00,2025-06-11 15:59:37.806434+00:00,Waxing gibbous,2025,6,11,2,6,24,2,3,59,15,59
162,2025-06-12,26.3,14.8,0.0,10.9,181,63,853.6,41,0.0,2025-06-12 03:59:30.927329+00:00,2025-06-12 15:59:49.710504+00:00,Waxing gibbous,2025,6,12,3,4,24,2,3,59,15,59
163,2025-06-13,25.1,14.8,0.0,14.2,181,64,854.6,47,0.0,2025-06-13 03:59:43.883541+00:00,2025-06-13 16:00:01.833899+00:00,Waxing gibbous,2025,6,13,4,0,24,2,3,59,16,0
164,2025-06-14,25.9,13.2,0.0,10.9,180,61,854.8,22,0.0,2025-06-14 03:59:56.937666+00:00,2025-06-14 16:00:14.154316+00:00,Waxing gibbous,2025,6,14,5,2,24,2,3,59,16,0
165,2025-06-15,25.2,13.5,0.0,13.0,215,61,855.2,45,0.0,2025-06-15 04:00:10.066837+00:00,2025-06-15 16:00:26.649148+00:00,Waxing gibbous,2025,6,15,6,3,24,2,4,0,16,0
166,2025-06-16,26.6,12.7,0.0,10.9,198,56,855.1,86,0.0,2025-06-16 04:00:23.247958+00:00,2025-06-16 16:00:39.295521+00:00,Waxing gibbous,2025,6,16,0,1,25,2,4,0,16,0
167,2025-06-17,26.0,14.5,0.0,11.2,260,56,855.1,87,0.0,2025-06-17 04:00:36.457746+00:00,2025-06-17 16:00:52.070331+00:00,Waning Gibbous,2025,6,17,1,5,25,2,4,0,16,0
168,2025-06-18,25.4,17.0,0.0,8.0,288,63,855.5,91,0.0,2025-06-18 04:00:49.672770+00:00,2025-06-18 16:01:04.950287+00:00,Waning Gibbous,2025,6,18,2,6,25,2,4,0,16,1
169,2025-06-19,26.3,16.4,10.0,14.9,282,72,855.8,96,0.0,2025-06-19 04:01:02.869489+00:00,2025-06-19 16:01:17.911945+00:00,Waning Gibbous,2025,6,19,3,4,25,2,4,1,16,1
170,2025-06-20,23.0,16.1,5.0,13.1,279,84,855.7,99,0.0,2025-06-20 04:01:16.024294+00:00,2025-06-20 16:01:30.931754+00:00,Waning Gibbous,2025,6,20,4,0,25,2,4,1,16,1
171,2025-06-21,24.9,13.9,10.2,9.2,267,83,854.8,88,0.0,2025-06-21 04:01:29.113549+00:00,2025-06-21 16:01:43.986094+00:00,Waning Gibbous,2025,6,21,5,2,25,2,4,1,16,1
172,2025-06-22,25.0,14.1,2.0,9.8,15,78,853.8,45,0.0,2025-06-22 04:01:42.113632+00:00,2025-06-22 16:01:57.051316+00:00,Waning Gibbous,2025,6,22,6,3,25,2,4,1,16,1
173,2025-06-23,25.1,14.9,14.6,12.8,358,81,853.8,64,0.0,2025-06-23 04:01:55.000974+00:00,2025-06-23 16:02:10.103786+00:00,Waning Gibbous,2025,6,23,0,1,26,2,4,1,16,2
174,2025-06-24,24.6,15.2,2.5,11.8,343,82,854.0,45,0.0,2025-06-24 04:02:07.752103+00:00,2025-06-24 16:02:23.119920+00:00,Waning Gibbous,2025,6,24,1,5,26,2,4,2,16,2
175,2025-06-25,24.1,13.4,0.0,7.9,334,80,853.4,13,0.0,2025-06-25 04:02:20.343680+00:00,2025-06-25 16:02:36.076234+00:00,Last Quarter,2025,6,25,2,6,26,2,4,2,16,2
176,2025-06-26,24.6,13.8,0.0,11.7,5,74,853.3,59,0.0,2025-06-26 04:02:32.752542+00:00,2025-06-26 16:02:48.949372+00:00,Last Quarter,2025,6,26,3,4,26,2,4,2,16,2
177,2025-06-27,26.5,13.8,0.0,8.7,335,67,853.1,66,0.0,2025-06-27 04:02:44.955743+00:00,2025-06-27 16:03:01.716160+00:00,Last Quarter,2025,6,27,4,0,26,2,4,2,16,3
178,2025-06-28,27.3,14.4,0.0,9.6,131,62,853.3,90,0.0,2025-06-28 04:02:56.930588+00:00,2025-06-28 16:03:14.353632+00:00,Last Quarter,2025,6,28,5,2,26,2,4,2,16,3
179,2025-06-29,25.1,16.5,0.0,16.3,142,63,853.8,91,0.0,2025-06-29 04:03:08.654678+00:00,2025-06-29 16:03:26.839082+00:00,Last Quarter,2025,6,29,6,3,26,2,4,3,16,3
180,2025-06-30,24.4,15.9,0.0,8.7,167,61,854.0,82,0.0,2025-06-30 04:03:20.105942+00:00,2025-06-30 16:03:39.150092+00:00,Last Quarter,2025,6,30,0,1,27,2,4,3,16,3
181,2025-07-01,24.8,14.7,0.0,13.4,157,60,855.1,58,0.0,2025-07-01 04:03:31.262677+00:00,2025-07-01 16:03:51.264575+00:00,Last Quarter,2025,7,1,1,5,27,3,4,3,16,3
182,2025-07-02,25.9,13.1,0.0,9.7,3,58,854.7,34,0.0,2025-07-02 04:03:42.103584+00:00,2025-07-02 16:04:03.160811+00:00,New Moon,2025,7,2,2,6,27,3,4,3,16,4
183,2025-07-03,26.6,14.6,0.0,11.5,136,55,854.7,74,0.0,2025-07-03 04:03:52.607800+00:00,2025-07-03 16:04:14.817482+00:00,Waxing Crescent,2025,7,3,3,4,27,3,4,3,16,4
184,2025-07-04,26.6,14.2,0.0,11.3,96,54,854.6,19,0.0,2025-07-04 04:04:02.754935+00:00,2025-07-04 16:04:26.213710+00:00,Waxing Crescent,2025,7,4,4,0,27,3,4,4,16,4
185,2025-07-05,27.4,15.7,0.0,10.6,124,51,854.2,56,0.0,2025-07-05 04:04:12.525105+00:00,2025-07-05 16:04:37.329085+00:00,Waxing Crescent,2025,7,5,5,2,27,3,4,4,16,4
186,2025-07-06,27.6,16.2,0.1,11.1,60,53,854.5,96,0.0,2025-07-06 04:04:21.898957+00:00,2025-07-06 16:04:48.143701+00:00,Waxing Crescent,2025,7,6,6,3,27,3,4,4,16,4
187,2025-07-07,27.0,16.8,0.1,9.4,268,60,854.5,77,0.0,2025-07-07 04:04:30.857710+00:00,2025-07-07 16:04:58.638189+00:00,Waxing Crescent,2025,7,7,0,1,28,3,4,4,16,4
188,2025-07-08,28.0,16.5,0.0,13.0,147,59,855.0,88,0.0,2025-07-08 04:04:39.383171+00:00,2025-07-08 16:05:08.793742+00:00,Waxing Crescent,2025,7,8,1,5,28,3,4,4,16,5
189,2025-07-09,25.0,18.5,0.0,15.5,173,55,855.9,90,0.0,2025-07-09 04:04:47.457772+00:00,2025-07-09 16:05:18.592149+00:00,Waxing gibbous,2025,7,9,2,6,28,3,4,4,16,5
190,2025-07-10,23.9,15.8,0.0,12.2,189,57,855.4,78,0.0,2025-07-10 04:04:55.064592+00:00,2025-07-10 16:05:28.015815+00:00,Waxing gibbous,2025,7,10,3,4,28,3,4,4,16,5
191,2025-07-11,26.4,14.4,0.0,10.4,157,54,854.6,74,0.0,2025-07-11 04:05:02.187379+00:00,2025-07-11 16:05:37.047794+00:00,Waxing gibbous,2025,7,11,4,0,28,3,4,5,16,5
192,2025-07-12,27.6,16.0,0.0,9.1,117,52,854.9,67,0.0,2025-07-12 04:05:08.810574+00:00,2025-07-12 16:05:45.671807+00:00,Waxing gibbous,2025,7,12,5,2,28,3,4,5,16,5
193,2025-07-13,27.4,15.7,0.3,12.4,77,56,855.9,55,0.0,2025-07-13 04:05:14.919333+00:00,2025-07-13 16:05:53.872267+00:00,Waxing gibbous,2025,7,13,6,3,28,3,4,5,16,5
194,2025-07-14,25.6,17.6,0.2,12.3,120,60,856.3,81,0.0,2025-07-14 04:05:20.499545+00:00,2025-07-14 16:06:01.634297+00:00,Waxing gibbous,2025,7,14,0,1,29,3,4,5,16,6
195,2025-07-15,25.7,15.9,5.1,13.4,258,70,855.2,71,0.0,2025-07-15 04:05:25.537848+00:00,2025-07-15 16:06:08.943753+00:00,Waxing gibbous,2025,7,15,1,5,29,3,4,5,16,6
196,2025-07-16,26.8,14.9,0.0,8.3,296,60,854.1,58,0.0,2025-07-16 04:05:30.021646+00:00,2025-07-16 16:06:15.787235+00:00,Waning Gibbous,2025,7,16,2,6,29,3,4,5,16,6
197,2025-07-17,27.8,15.1,0.1,16.5,24,60,855.4,56,0.0,2025-07-17 04:05:33.939124+00:00,2025-07-17 16:06:22.152108+00:00,Waning Gibbous,2025,7,17,3,4,29,3,4,5,16,6
198,2025-07-18,27.9,14.9,0.1,11.7,43,59,856.0,54,0.0,2025-07-18 04:05:37.279257+00:00,2025-07-18 16:06:28.026512+00:00,Waning Gibbous,2025,7,18,4,0,29,3,4,5,16,6
199,2025-07-19,28.5,15.4,0.3,12.9,128,58,855.1,61,0.0,2025-07-19 04:05:40.031822+00:00,2025-07-19 16:06:33.399373+00:00,Waning Gibbous,2025,7,19,5,2,29,3,4,5,16,6
200,2025-07-20,26.9,15.2,0.0,17.1,151,50,853.5,41,0.0,2025-07-20 04:05:42.187407+00:00,2025-07-20 16:06:38.260418+00:00,Waning Gibbous,2025,7,20,6,3,29,3,4,5,16,6
201,2025-07-21,27.0,15.6,0.0,11.7,158,47,853.3,74,0.0,2025-07-21 04:05:43.737416+00:00,2025-07-21 16:06:42.600177+00:00,Waning Gibbous,2025,7,21,0,1,30,3,4,5,16,6
202,2025-07-22,28.0,15.9,0.0,13.1,116,46,853.8,71,0.0,2025-07-22 04:05:44.674077+00:00,2025-07-22 16:06:46.409992+00:00,Waning Gibbous,2025,7,22,1,5,30,3,4,5,16,6
203,2025-07-23,27.2,16.6,0.0,10.9,141,45,854.3,52,0.0,2025-07-23 04:05:44.990443+00:00,2025-07-23 16:06:49.682023+00:00,Waning Gibbous,2025,7,23,2,6,30,3,4,5,16,6
204,2025-07-24,27.9,17.0,0.0,12.5,125,44,854.2,44,0.0,2025-07-24 04:05:44.680395+00:00,2025-07-24 16:06:52.409248+00:00,Last Quarter,2025,7,24,3,4,30,3,4,5,16,6
205,2025-07-25,28.5,15.8,0.0,13.5,129,42,854.1,63,0.0,2025-07-25 04:05:43.738641+00:00,2025-07-25 16:06:54.585467+00:00,Last Quarter,2025,7,25,4,0,30,3,4,5,16,6
206,2025-07-26,28.5,16.5,0.0,12.5,153,39,854.9,93,0.0,2025-07-26 04:05:42.160715+00:00,2025-07-26 16:06:56.205302+00:00,Last Quarter,2025,7,26,5,2,30,3,4,5,16,6
207,2025-07-27,28.9,15.5,0.0,11.7,150,38,855.5,66,0.0,2025-07-27 04:05:39.942976+00:00,2025-07-27 16:06:57.264191+00:00,Last Quarter,2025,7,27,6,3,30,3,4,5,16,6
208,2025-07-28,28.0,14.8,0.0,13.6,143,41,855.7,14,0.0,2025-07-28 04:05:37.082600+00:00,2025-07-28 16:06:57.758390+00:00,Last Quarter,2025,7,28,0,1,31,3,4,5,16,6
209,2025-07-29,27.0,15.7,0.0,13.7,168,39,856.3,20,0.0,2025-07-29 04:05:33.577576+00:00,2025-07-29 16:06:57.684962+00:00,Last Quarter,2025,7,29,1,5,31,3,4,5,16,6
210,2025-07-30,26.9,14.9,0.0,11.6,162,37,856.6,1,0.0,2025-07-30 04:05:29.426699+00:00,2025-07-30 16:06:57.041779+00:00,Last Quarter,2025,7,30,2,6,31,3,4,5,16,6
211,2025-07-31,28.0,14.4,0.0,11.2,177,37,856.2,33,0.0,2025-07-31 04:05:24.629563+00:00,2025-07-31 16:06:55.827504+00:00,Last Quarter,2025,7,31,3,4,31,3,4,5,16,6
212,2025-08-01,28.9,17.0,0.0,9.1,194,36,855.3,61,0.0,2025-08-01 04:05:19.186544+00:00,2025-08-01 16:06:54.041593+00:00,New Moon,2025,8,1,4,0,31,3,4,5,16,6
213,2025-08-02,28.4,15.8,0.0,13.5,171,38,854.6,70,0.0,2025-08-02 04:05:13.098800+00:00,2025-08-02 16:06:51.684274+00:00,Waxing Crescent,2025,8,2,5,2,31,3,4,5,16,6
214,2025-08-03,27.8,15.6,0.0,15.6,168,39,855.0,65,0.0,2025-08-03 04:05:06.368249+00:00,2025-08-03 16:06:48.756543+00:00,Waxing Crescent,2025,8,3,6,3,31,3,4,5,16,6
215,2025-08-04,26.7,14.4,0.0,12.1,173,37,855.2,70,0.0,2025-08-04 04:04:58.997561+00:00,2025-08-04 16:06:45.260152+00:00,Waxing Crescent,2025,8,4,0,1,32,3,4,4,16,6
216,2025-08-05,27.9,14.4,0.0,13.3,202,35,854.8,42,0.0,2025-08-05 04:04:50.990143+00:00,2025-08-05 16:06:41.197588+00:00,Waxing Crescent,2025,8,5,1,5,32,3,4,4,16,6
217,2025-08-06,29.5,15.4,0.0,10.6,204,36,853.9,39,0.0,2025-08-06 04:04:42.350124+00:00,2025-08-06 16:06:36.572069+00:00,Waxing Crescent,2025,8,6,2,6,32,3,4,4,16,6
218,2025-08-07,29.5,18.5,0.0,12.4,124,38,853.2,68,0.0,2025-08-07 04:04:33.082340+00:00,2025-08-07 16:06:31.387518+00:00,Waxing Crescent,2025,8,7,3,4,32,3,4,4,16,6
219,2025-08-08,29.1,16.8,0.3,12.3,158,49,852.9,39,0.0,2025-08-08 04:04:23.192315+00:00,2025-08-08 16:06:25.648558+00:00,Waxing gibbous,2025,8,8,4,0,32,3,4,4,16,6
220,2025-08-09,26.0,17.0,0.8,16.6,62,63,853.7,90,0.0,2025-08-09 04:04:12.686245+00:00,2025-08-09 16:06:19.360485+00:00,Waxing gibbous,2025,8,9,5,2,32,3,4,4,16,6
221,2025-08-10,26.3,16.3,13.2,15.9,17,72,854.0,99,0.0,2025-08-10 04:04:01.570984+00:00,2025-08-10 16:06:12.529261+00:00,Waxing gibbous,2025,8,10,6,3,32,3,4,4,16,6
222,2025-08-11,25.1,15.6,4.6,14.3,204,80,853.6,99,0.0,2025-08-11 04:03:49.854021+00:00,2025-08-11 16:06:05.161486+00:00,Waxing gibbous,2025,8,11,0,1,33,3,4,3,16,6
223,2025-08-12,23.8,14.9,0.4,11.8,69,77,852.8,91,0.0,2025-08-12 04:03:37.543464+00:00,2025-08-12 16:05:57.264390+00:00,Waxing gibbous,2025,8,12,1,5,33,3,4,3,16,5
224,2025-08-13,26.0,15.0,0.0,11.2,78,68,853.0,62,0.0,2025-08-13 04:03:24.648021+00:00,2025-08-13 16:05:48.845806+00:00,Waxing gibbous,2025,8,13,2,6,33,3,4,3,16,5
225,2025-08-14,26.5,14.1,0.1,10.8,30,66,853.6,64,0.0,2025-08-14 04:03:11.176980+00:00,2025-08-14 16:05:39.914156+00:00,Waxing gibbous,2025,8,14,3,4,33,3,4,3,16,5
226,2025-08-15,26.5,16.1,1.1,10.3,6,62,853.8,91,0.0,2025-08-15 04:02:57.140192+00:00,2025-08-15 16:05:30.478432+00:00,Waning Gibbous,2025,8,15,4,0,33,3,4,2,16,5
227,2025-08-16,27.0,17.1,0.3,10.2,244,68,853.5,98,0.0,2025-08-16 04:02:42.548050+00:00,2025-08-16 16:05:20.548176+00:00,Waning Gibbous,2025,8,16,5,2,33,3,4,2,16,5
228,2025-08-17,26.7,15.4,5.7,16.4,56,70,853.4,89,0.0,2025-08-17 04:02:27.411473+00:00,2025-08-17 16:05:10.133460+00:00,Waning Gibbous,2025,8,17,6,3,33,3,4,2,16,5
229,2025-08-18,22.6,16.4,4.9,8.9,289,88,854.8,100,0.0,2025-08-18 04:02:11.741880+00:00,2025-08-18 16:04:59.244871+00:00,Waning Gibbous,2025,8,18,0,1,34,3,4,2,16,4
230,2025-08-19,24.5,14.1,17.0,10.8,321,81,854.2,82,0.0,2025-08-19 04:01:55.551180+00:00,2025-08-19 16:04:47.893487+00:00,Waning Gibbous,2025,8,19,1,5,34,3,4,1,16,4
231,2025-08-20,25.1,13.8,0.0,12.2,348,73,852.8,62,0.0,2025-08-20 04:01:38.851748+00:00,2025-08-20 16:04:36.090862+00:00,Waning Gibbous,2025,8,20,2,6,34,3,4,1,16,4
232,2025-08-21,26.4,15.1,0.0,12.6,114,63,852.6,84,0.0,2025-08-21 04:01:21.656406+00:00,2025-08-21 16:04:23.849005+00:00,Waning Gibbous,2025,8,21,3,4,34,3,4,1,16,4
233,2025-08-22,26.1,12.6,0.0,11.0,166,61,852.2,7,0.0,2025-08-22 04:01:03.978408+00:00,2025-08-22 16:04:11.180366+00:00,Waning Gibbous,2025,8,22,4,0,34,3,4,1,16,4
234,2025-08-23,25.0,14.2,0.0,15.6,141,59,851.9,63,0.0,2025-08-23 04:00:45.831421+00:00,2025-08-23 16:03:58.097813+00:00,Last Quarter,2025,8,23,5,2,34,3,4,0,16,3
235,2025-08-24,26.0,15.2,0.0,10.3,126,55,853.1,53,0.0,2025-08-24 04:00:27.229508+00:00,2025-08-24 16:03:44.614619+00:00,Last Quarter,2025,8,24,6,3,34,3,4,0,16,3
236,2025-08-25,27.6,13.4,0.1,14.8,36,58,854.2,42,0.0,2025-08-25 04:00:08.187111+00:00,2025-08-25 16:03:30.744442+00:00,Last Quarter,2025,8,25,0,1,35,3,4,0,16,3
237,2025-08-26,26.9,14.9,0.6,16.3,93,65,855.4,27,0.0,2025-08-26 03:59:48.719033+00:00,2025-08-26 16:03:16.501311+00:00,Last Quarter,2025,8,26,1,5,35,3,3,59,16,3
238,2025-08-27,27.2,13.2,0.0,10.9,71,63,854.6,62,0.0,2025-08-27 03:59:28.840426+00:00,2025-08-27 16:03:01.899607+00:00,Last Quarter,2025,8,27,2,6,35,3,3,59,16,3
239,2025-08-28,27.5,13.3,0.0,14.6,139,52,854.5,33,0.0,2025-08-28 03:59:08.566772+00:00,2025-08-28 16:02:46.954051+00:00,Last Quarter,2025,8,28,3,4,35,3,3,59,16,2
240,2025-08-29,30.0,15.1,0.0,14.1,145,39,854.2,30,0.0,2025-08-29 03:58:47.913873+00:00,2025-08-29 16:02:31.679687+00:00,Last Quarter,2025,8,29,4,0,35,3,3,58,16,2
241,2025-08-30,28.0,15.1,0.0,12.4,170,35,855.1,18,0.0,2025-08-30 03:58:26.897831+00:00,2025-08-30 16:02:16.091868+00:00,New Moon,2025,8,30,5,2,35,3,3,58,16,2
242,2025-08-31,27.2,15.7,0.0,13.5,182,37,855.7,28,0.0,2025-08-31 03:58:05.535040+00:00,2025-08-31 16:02:00.206242+00:00,Waxing Crescent,2025,8,31,6,3,35,3,3,58,16,2
243,2025-09-01,28.8,15.9,0.0,14.6,161,39,854.7,20,0.0,2025-09-01 03:57:43.842170+00:00,2025-09-01 16:01:44.038738+00:00,Waxing Crescent,2025,9,1,0,1,36,3,3,57,16,1
244,2025-09-02,31.0,15.4,0.0,21.2,169,33,853.6,38,0.0,2025-09-02 03:57:21.836158+00:00,2025-09-02 16:01:27.605558+00:00,Waxing Crescent,2025,9,2,1,5,36,3,3,57,16,1
245,2025-09-03,28.9,14.7,0.0,14.9,110,37,853.7,62,0.0,2025-09-03 03:56:59.534193+00:00,2025-09-03 16:01:10.923158+00:00,Waxing Crescent,2025,9,3,2,6,36,3,3,56,16,1
246,2025-09-04,31.0,16.9,0.0,13.6,118,37,853.2,64,0.0,2025-09-04 03:56:36.953706+00:00,2025-09-04 16:00:54.008242+00:00,Waxing Crescent,2025,9,4,3,4,36,3,3,56,16,0
247,2025-09-05,29.1,17.1,0.0,13.2,143,37,853.7,90,0.0,2025-09-05 03:56:14.112364+00:00,2025-09-05 16:00:36.877748+00:00,Waxing Crescent,2025,9,5,4,0,36,3,3,56,16,0
248,2025-09-06,30.0,17.0,0.0,12.7,161,36,854.3,90,0.0,2025-09-06 03:55:51.028053+00:00,2025-09-06 16:00:19.548839+00:00,Waxing gibbous,2025,9,6,5,2,36,3,3,55,16,0
249,2025-09-07,29.8,15.6,0.0,18.0,103,45,854.2,87,0.0,2025-09-07 03:55:27.718875+00:00,2025-09-07 16:00:02.038893+00:00,Waxing gibbous,2025,9,7,6,3,36,3,3,55,16,0
250,2025-09-08,29.6,15.4,0.0,14.4,69,45,854.1,88,0.0,2025-09-08 03:55:04.203137+00:00,2025-09-08 15:59:44.365493+00:00,Waxing gibbous,2025,9,8,0,1,37,3,3,55,15,59
251,2025-09-09,30.9,17.2,0.0,14.6,81,46,854.4,84,0.0,2025-09-09 03:54:40.499341+00:00,2025-09-09 15:59:26.546419+00:00,Waxing gibbous,2025,9,9,1,5,37,3,3,54,15,59
252,2025-09-10,29.6,17.5,2.2,12.4,348,62,854.9,90,0.0,2025-09-10 03:54:16.626181+00:00,2025-09-10 15:59:08.599639+00:00,Waxing gibbous,2025,9,10,2,6,37,3,3,54,15,59
253,2025-09-11,27.3,15.2,0.1,16.3,62,68,854.2,77,0.0,2025-09-11 03:53:52.602531+00:00,2025-09-11 15:58:50.543298+00:00,Waxing gibbous,2025,9,11,3,4,37,3,3,53,15,58
254,2025-09-12,28.9,14.6,0.4,12.3,51,64,853.8,57,0.0,2025-09-12 03:53:28.447442+00:00,2025-09-12 15:58:32.395716+00:00,Waxing gibbous,2025,9,12,4,0,37,3,3,53,15,58
255,2025-09-13,29.0,17.1,1.3,13.6,5,65,853.8,73,0.0,2025-09-13 03:53:04.180131+00:00,2025-09-13 15:58:14.175374+00:00,Waning Gibbous,2025,9,13,5,2,37,3,3,53,15,58
256,2025-09-14,30.0,15.8,0.1,14.9,7,63,853.3,44,0.0,2025-09-14 03:52:39.819980+00:00,2025-09-14 15:57:55.900912+00:00,Waning Gibbous,2025,9,14,6,3,37,3,3,52,15,57
257,2025-09-15,28.4,16.8,5.3,12.2,337,71,853.2,72,0.0,2025-09-15 03:52:15.386525+00:00,2025-09-15 15:57:37.591117+00:00,Waning Gibbous,2025,9,15,0,1,38,3,3,52,15,57
258,2025-09-16,27.0,14.6,16.7,11.9,348,77,852.8,70,0.0,2025-09-16 03:51:50.899453+00:00,2025-09-16 15:57:19.264917+00:00,Waning Gibbous,2025,9,16,1,5,38,3,3,51,15,57
259,2025-09-17,25.4,14.9,5.8,6.9,70,79,853.0,80,0.0,2025-09-17 03:51:26.378594+00:00,2025-09-17 15:57:00.941378+00:00,Waning Gibbous,2025,9,17,2,6,38,3,3,51,15,57
260,2025-09-18,25.7,14.1,5.9,18.7,5,84,852.9,86,0.0,2025-09-18 03:51:01.843919+00:00,2025-09-18 15:56:42.639689+00:00,Waning Gibbous,2025,9,18,3,4,38,3,3,51,15,56
261,2025-09-19,26.1,14.6,0.5,13.3,41,76,853.3,69,0.0,2025-09-19 03:50:37.315528+00:00,2025-09-19 15:56:24.379163+00:00,Waning Gibbous,2025,9,19,4,0,38,3,3,50,15,56
262,2025-09-20,26.5,14.6,0.0,11.1,214,68,853.0,81,0.0,2025-09-20 03:50:12.813649+00:00,2025-09-20 15:56:06.179221+00:00,Waning Gibbous,2025,9,20,5,2,38,3,3,50,15,56
263,2025-09-21,26.1,13.9,0.0,9.7,240,58,852.7,79,0.0,2025-09-21 03:49:48.358631+00:00,2025-09-21 15:55:48.059392+00:00,Last Quarter,2025,9,21,6,3,38,3,3,49,15,55
264,2025-09-22,27.0,13.8,0.0,11.2,87,60,853.0,82,0.0,2025-09-22 03:49:23.970936+00:00,2025-09-22 15:55:30.039301+00:00,Last Quarter,2025,9,22,0,1,39,3,3,49,15,55
265,2025-09-23,28.1,13.4,0.1,11.2,85,60,853.9,80,0.0,2025-09-23 03:48:59.671132+00:00,2025-09-23 15:55:12.138658+00:00,Last Quarter,2025,9,23,1,5,39,3,3,48,15,55
266,2025-09-24,26.9,14.7,0.7,9.7,34,65,854.0,76,0.0,2025-09-24 03:48:35.479888+00:00,2025-09-24 15:54:54.377257+00:00,Last Quarter,2025,9,24,2,6,39,3,3,48,15,54
267,2025-09-25,28.8,15.7,0.2,18.7,12,62,854.1,73,0.0,2025-09-25 03:48:11.417966+00:00,2025-09-25 15:54:36.774958+00:00,Last Quarter,2025,9,25,3,4,39,3,3,48,15,54
268,2025-09-26,28.9,15.2,2.1,17.6,65,66,854.1,38,0.0,2025-09-26 03:47:47.506210+00:00,2025-09-26 15:54:19.351684+00:00,Last Quarter,2025,9,26,4,0,39,3,3,47,15,54
269,2025-09-27,29.9,16.1,1.2,17.1,61,64,853.9,46,0.0,2025-09-27 03:47:23.765543+00:00,2025-09-27 15:54:02.127406+00:00,Last Quarter,2025,9,27,5,2,39,3,3,47,15,54
270,2025-09-28,29.5,15.2,0.7,11.7,32,63,854.1,56,0.0,2025-09-28 03:47:00.216953+00:00,2025-09-28 15:53:45.122133+00:00,Last Quarter,2025,9,28,6,3,39,3,3,47,15,53
271,2025-09-29,30.7,15.5,0.1,10.8,45,56,853.2,64,0.0,2025-09-29 03:46:36.881486+00:00,2025-09-29 15:53:28.355904+00:00,New Moon,2025,9,29,0,1,40,3,3,46,15,53
272,2025-09-30,29.6,15.9,0.7,12.0,38,59,852.8,100,0.0,2025-09-30 03:46:13.780233+00:00,2025-09-30 15:53:11.848769+00:00,Waxing Crescent,2025,9,30,1,5,40,3,3,46,15,53
273,2025-10-01,26.9,14.8,0.1,13.4,68,66,853.1,96,0.0,2025-10-01 03:45:50.934321+00:00,2025-10-01 15:52:55.620782+00:00,Waxing Crescent,2025,10,1,2,6,40,4,3,45,15,52
274,2025-10-02,28.7,15.4,0.0,13.2,41,56,852.9,78,0.0,2025-10-02 03:45:28.364900+00:00,2025-10-02 15:52:39.691980+00:00,Waxing Crescent,2025,10,2,3,4,40,4,3,45,15,52
275,2025-10-03,28.6,16.4,4.6,17.2,261,70,854.1,86,0.0,2025-10-03 03:45:06.093132+00:00,2025-10-03 15:52:24.082376+00:00,Waxing Crescent,2025,10,3,4,0,40,4,3,45,15,52
276,2025-10-04,25.5,16.1,14.3,14.6,133,80,854.2,86,0.0,2025-10-04 03:44:44.140173+00:00,2025-10-04 15:52:08.811937+00:00,Waxing Crescent,2025,10,4,5,2,40,4,3,44,15,52
277,2025-10-05,25.4,14.7,1.1,14.5,23,81,853.2,79,0.0,2025-10-05 03:44:22.527161+00:00,2025-10-05 15:51:53.900569+00:00,Waxing Crescent,2025,10,5,6,3,40,4,3,44,15,51
278,2025-10-06,25.5,15.2,11.8,12.5,15,82,853.1,68,0.0,2025-10-06 03:44:01.275202+00:00,2025-10-06 15:51:39.368099+00:00,Waxing gibbous,2025,10,6,0,1,41,4,3,44,15,51
279,2025-10-07,23.1,14.6,14.1,12.4,23,87,853.6,76,0.0,2025-10-07 03:43:40.405349+00:00,2025-10-07 15:51:25.234259+00:00,Waxing gibbous,2025,10,7,1,5,41,4,3,43,15,51
280,2025-10-08,24.6,14.5,5.7,17.5,19,85,853.4,82,0.0,2025-10-08 03:43:19.938590+00:00,2025-10-08 15:51:11.518660+00:00,Waxing gibbous,2025,10,8,2,6,41,4,3,43,15,51
281,2025-10-09,22.8,13.6,7.5,13.0,11,87,853.4,74,0.0,2025-10-09 03:42:59.895824+00:00,2025-10-09 15:50:58.240779+00:00,Waxing gibbous,2025,10,9,3,4,41,4,3,42,15,50
282,2025-10-10,24.3,13.4,4.1,13.7,30,83,852.8,57,0.0,2025-10-10 03:42:40.297844+00:00,2025-10-10 15:50:45.419930+00:00,Waxing gibbous,2025,10,10,4,0,41,4,3,42,15,50
283,2025-10-11,24.5,13.4,0.1,10.8,3,79,851.3,49,0.0,2025-10-11 03:42:21.165316+00:00,2025-10-11 15:50:33.075247+00:00,Waxing gibbous,2025,10,11,5,2,41,4,3,42,15,50
284,2025-10-12,25.9,13.0,0.1,13.0,26,69,850.7,46,0.0,2025-10-12 03:42:02.518760+00:00,2025-10-12 15:50:21.225656+00:00,Waxing gibbous,2025,10,12,6,3,41,4,3,42,15,50
285,2025-10-13,26.0,13.6,0.2,10.3,47,67,851.1,62,0.0,2025-10-13 03:41:44.378523+00:00,2025-10-13 15:50:09.889856+00:00,Waning Gibbous,2025,10,13,0,1,42,4,3,41,15,50
286,2025-10-14,25.8,14.1,0.4,15.6,28,69,851.5,60,0.0,2025-10-14 03:41:26.764758+00:00,2025-10-14 15:49:59.086285+00:00,Waning Gibbous,2025,10,14,1,5,42,4,3,41,15,49
287,2025-10-15,26.8,13.7,0.3,11.2,40,67,851.5,88,0.0,2025-10-15 03:41:09.697400+00:00,2025-10-15 15:49:48.833103+00:00,Waning Gibbous,2025,10,15,2,6,42,4,3,41,15,49
288,2025-10-16,27.4,14.9,1.2,21.5,15,72,851.6,81,0.0,2025-10-16 03:40:53.196138+00:00,2025-10-16 15:49:39.148158+00:00,Waning Gibbous,2025,10,16,3,4,42,4,3,40,15,49
289,2025-10-17,25.3,14.8,1.6,13.3,22,72,852.3,79,0.0,2025-10-17 03:40:37.280392+00:00,2025-10-17 15:49:30.048961+00:00,Waning Gibbous,2025,10,17,4,0,42,4,3,40,15,49
290,2025-10-18,24.8,15.6,7.4,23.1,25,77,853.5,78,0.0,2025-10-18 03:40:21.969286+00:00,2025-10-18 15:49:21.552657+00:00,Waning Gibbous,2025,10,18,5,2,42,4,3,40,15,49
291,2025-10-19,26.8,16.5,0.2,12.7,112,66,852.7,57,0.0,2025-10-19 03:40:07.281617+00:00,2025-10-19 15:49:13.675993+00:00,Waning Gibbous,2025,10,19,6,3,42,4,3,40,15,49
292,2025-10-20,27.8,14.2,0.0,13.5,44,62,851.4,34,0.0,2025-10-20 03:39:53.235828+00:00,2025-10-20 15:49:06.435293+00:00,Waning Gibbous,2025,10,20,0,1,43,4,3,39,15,49
293,2025-10-21,27.5,15.4,10.7,15.9,9,74,852.3,68,0.0,2025-10-21 03:39:39.849980+00:00,2025-10-21 15:48:59.846422+00:00,Last Quarter,2025,10,21,1,5,43,4,3,39,15,48
294,2025-10-22,23.0,16.5,12.4,9.0,321,85,853.7,96,0.0,2025-10-22 03:39:27.141721+00:00,2025-10-22 15:48:53.924759+00:00,Last Quarter,2025,10,22,2,6,43,4,3,39,15,48
295,2025-10-23,26.0,14.4,0.8,13.2,37,81,853.4,94,0.0,2025-10-23 03:39:15.128255+00:00,2025-10-23 15:48:48.685162+00:00,Last Quarter,2025,10,23,3,4,43,4,3,39,15,48
296,2025-10-24,26.6,15.2,8.5,6.0,350,82,853.2,93,0.0,2025-10-24 03:39:03.826315+00:00,2025-10-24 15:48:44.141941+00:00,Last Quarter,2025,10,24,4,0,43,4,3,39,15,48
297,2025-10-25,24.6,15.6,5.5,8.9,324,85,853.4,98,0.0,2025-10-25 03:38:53.252124+00:00,2025-10-25 15:48:40.308818+00:00,Last Quarter,2025,10,25,5,2,43,4,3,38,15,48
298,2025-10-26,26.5,14.9,0.7,10.6,348,77,852.8,74,0.0,2025-10-26 03:38:43.421372+00:00,2025-10-26 15:48:37.198905+00:00,Last Quarter,2025,10,26,6,3,43,4,3,38,15,48
299,2025-10-27,26.5,14.9,0.8,12.0,24,77,852.9,42,0.0,2025-10-27 03:38:34.349179+00:00,2025-10-27 15:48:34.824663+00:00,Last Quarter,2025,10,27,0,1,44,4,3,38,15,48
300,2025-10-28,24.7,15.6,9.6,10.3,15,80,852.3,73,0.0,2025-10-28 03:38:26.050065+00:00,2025-10-28 15:48:33.197873+00:00,New Moon,2025,10,28,1,5,44,4,3,38,15,48
301,2025-10-29,24.5,15.9,2.8,12.0,37,83,852.6,100,0.0,2025-10-29 03:38:18.537919+00:00,2025-10-29 15:48:32.329608+00:00,Waxing Crescent,2025,10,29,2,6,44,4,3,38,15,48
302,2025-10-30,23.7,16.0,6.7,11.0,27,85,853.0,97,0.0,2025-10-30 03:38:11.825963+00:00,2025-10-30 15:48:32.230194+00:00,Waxing Crescent,2025,10,30,3,4,44,4,3,38,15,48
303,2025-10-31,24.0,15.6,1.6,15.1,61,81,853.3,89,0.0,2025-10-31 03:38:05.926727+00:00,2025-10-31 15:48:32.909183+00:00,Waxing Crescent,2025,10,31,4,0,44,4,3,38,15,48
304,2025-11-01,24.7,15.1,7.6,12.0,60,80,853.0,67,0.0,2025-11-01 03:38:00.852011+00:00,2025-11-01 15:48:34.375325+00:00,Waxing Crescent,2025,11,1,5,2,44,4,3,38,15,48
305,2025-11-02,25.7,14.8,0.7,12.0,62,78,853.6,69,0.0,2025-11-02 03:37:56.612858+00:00,2025-11-02 15:48:36.636530+00:00,Waxing Crescent,2025,11,2,6,3,44,4,3,37,15,48
306,2025-11-03,24.7,14.9,0.6,16.1,42,80,853.9,43,0.0,2025-11-03 03:37:53.219524+00:00,2025-11-03 15:48:39.699847+00:00,Waxing Crescent,2025,11,3,0,1,45,4,3,37,15,48
307,2025-11-04,25.7,13.9,1.2,10.7,28,76,853.6,78,0.0,2025-11-04 03:37:50.681444+00:00,2025-11-04 15:48:43.571429+00:00,Waxing gibbous,2025,11,4,1,5,45,4,3,37,15,48
308,2025-11-05,25.1,16.0,1.0,15.1,4,74,853.6,70,0.0,2025-11-05 03:37:49.007207+00:00,2025-11-05 15:48:48.256510+00:00,Waxing gibbous,2025,11,5,2,6,45,4,3,37,15,48
309,2025-11-06,26.5,13.6,1.6,10.2,355,73,851.5,57,0.0,2025-11-06 03:37:48.204526+00:00,2025-11-06 15:48:53.759375+00:00,Waxing gibbous,2025,11,6,3,4,45,4,3,37,15,48
310,2025-11-07,24.0,15.4,11.6,13.4,342,85,851.5,100,0.0,2025-11-07 03:37:48.280208+00:00,2025-11-07 15:49:00.083340+00:00,Waxing gibbous,2025,11,7,4,0,45,4,3,37,15,49
311,2025-11-08,23.7,15.1,6.2,13.7,18,86,852.7,94,0.0,2025-11-08 03:37:49.240134+00:00,2025-11-08 15:49:07.230720+00:00,Waxing gibbous,2025,11,8,5,2,45,4,3,37,15,49
312,2025-11-09,23.7,16.1,1.0,11.7,63,80,853.3,83,0.0,2025-11-09 03:37:51.089225+00:00,2025-11-09 15:49:15.202815+00:00,Waxing gibbous,2025,11,9,6,3,45,4,3,37,15,49
313,2025-11-10,24.5,13.9,4.3,13.2,18,81,852.9,62,0.0,2025-11-10 03:37:53.831426+00:00,2025-11-10 15:49:23.999884+00:00,Waxing gibbous,2025,11,10,0,1,46,4,3,37,15,49
314,2025-11-11,24.5,13.4,2.4,15.9,31,83,852.2,91,0.0,2025-11-11 03:37:57.469677+00:00,2025-11-11 15:49:33.621127+00:00,Waning Gibbous,2025,11,11,1,5,46,4,3,37,15,49
315,2025-11-12,25.5,13.6,0.6,12.7,39,73,851.8,74,0.0,2025-11-12 03:38:02.005897+00:00,2025-11-12 15:49:44.064669+00:00,Waning Gibbous,2025,11,12,2,6,46,4,3,38,15,49
316,2025-11-13,25.6,14.8,0.2,13.6,20,73,852.5,80,0.0,2025-11-13 03:38:07.440957+00:00,2025-11-13 15:49:55.327542+00:00,Waning Gibbous,2025,11,13,3,4,46,4,3,38,15,49
317,2025-11-14,22.4,14.8,6.7,13.3,357,83,853.2,95,0.0,2025-11-14 03:38:13.774671+00:00,2025-11-14 15:50:07.405672+00:00,Waning Gibbous,2025,11,14,4,0,46,4,3,38,15,50
318,2025-11-15,24.0,13.1,2.9,12.7,20,83,852.9,66,0.0,2025-11-15 03:38:21.005770+00:00,2025-11-15 15:50:20.293871+00:00,Waning Gibbous,2025,11,15,5,2,46,4,3,38,15,50
319,2025-11-16,24.6,13.9,6.1,12.6,177,83,853.7,63,0.0,2025-11-16 03:38:29.131895+00:00,2025-11-16 15:50:33.985822+00:00,Waning Gibbous,2025,11,16,6,3,46,4,3,38,15,50
320,2025-11-17,24.8,13.7,0.5,13.0,16,82,853.5,47,0.0,2025-11-17 03:38:38.149580+00:00,2025-11-17 15:50:48.474074+00:00,Waning Gibbous,2025,11,17,0,1,47,4,3,38,15,50
321,2025-11-18,25.0,13.4,1.2,14.7,17,78,851.9,45,0.0,2025-11-18 03:38:48.054240+00:00,2025-11-18 15:51:03.750039+00:00,Waning Gibbous,2025,11,18,1,5,47,4,3,38,15,51
322,2025-11-19,26.2,13.4,1.3,20.0,12,77,851.2,83,0.0,2025-11-19 03:38:58.840167+00:00,2025-11-19 15:51:19.803988+00:00,Last Quarter,2025,11,19,2,6,47,4,3,38,15,51
323,2025-11-20,26.2,15.6,6.2,14.6,4,78,852.2,86,0.0,2025-11-20 03:39:10.500519+00:00,2025-11-20 15:51:36.625048+00:00,Last Quarter,2025,11,20,3,4,47,4,3,39,15,51
324,2025-11-21,25.1,15.1,16.1,14.3,19,84,852.5,100,0.0,2025-11-21 03:39:23.027317+00:00,2025-11-21 15:51:54.201211+00:00,Last Quarter,2025,11,21,4,0,47,4,3,39,15,51
325,2025-11-22,23.8,15.9,0.1,9.2,89,80,853.1,93,0.0,2025-11-22 03:39:36.411441+00:00,2025-11-22 15:52:12.519331+00:00,Last Quarter,2025,11,22,5,2,47,4,3,39,15,52
326,2025-11-23,25.8,14.4,0.2,16.4,21,69,853.0,95,0.0,2025-11-23 03:39:50.642632+00:00,2025-11-23 15:52:31.565136+00:00,Last Quarter,2025,11,23,6,3,47,4,3,39,15,52
327,2025-11-24,25.8,15.0,0.4,12.1,42,68,853.5,70,0.0,2025-11-24 03:40:05.709494+00:00,2025-11-24 15:52:51.323239+00:00,Last Quarter,2025,11,24,0,1,48,4,3,40,15,52
328,2025-11-25,25.0,13.9,6.4,13.7,39,76,852.9,71,0.0,2025-11-25 03:40:21.599497+00:00,2025-11-25 15:53:11.777144+00:00,Last Quarter,2025,11,25,1,5,48,4,3,40,15,53
329,2025-11-26,26.4,15.4,0.8,14.3,71,69,852.3,77,0.0,2025-11-26 03:40:38.298983+00:00,2025-11-26 15:53:32.909269+00:00,Last Quarter,2025,11,26,2,6,48,4,3,40,15,53
330,2025-11-27,25.5,14.2,4.0,9.9,35,67,851.8,51,0.0,2025-11-27 03:40:55.793178+00:00,2025-11-27 15:53:54.700957+00:00,New Moon,2025,11,27,3,4,48,4,3,40,15,53
331,2025-11-28,26.5,14.1,0.0,9.8,78,64,851.9,82,0.0,2025-11-28 03:41:14.066204+00:00,2025-11-28 15:54:17.132500+00:00,Waxing Crescent,2025,11,28,4,0,48,4,3,41,15,54
332,2025-11-29,26.5,15.6,0.2,18.4,50,63,850.6,65,0.0,2025-11-29 03:41:33.101088+00:00,2025-11-29 15:54:40.183160+00:00,Waxing Crescent,2025,11,29,5,2,48,4,3,41,15,54
333,2025-11-30,26.5,16.0,1.3,17.0,30,69,850.5,99,0.0,2025-11-30 03:41:52.879783+00:00,2025-11-30 15:55:03.831194+00:00,Waxing Crescent,2025,11,30,6,3,48,4,3,41,15,55
334,2025-12-01,26.9,15.0,1.7,13.5,42,68,850.8,81,0.0,2025-12-01 03:42:13.383188+00:00,2025-12-01 15:55:28.053884+00:00,Waxing Crescent,2025,12,1,0,1,49,4,3,42,15,55
335,2025-12-02,26.7,17.0,1.6,15.7,47,66,850.6,81,0.0,2025-12-02 03:42:34.591163+00:00,2025-12-02 15:55:52.827563+00:00,Waxing Crescent,2025,12,2,1,5,49,4,3,42,15,55
336,2025-12-03,29.0,14.5,0.2,15.3,22,57,850.0,94,0.0,2025-12-03 03:42:56.482560+00:00,2025-12-03 15:56:18.127650+00:00,Waxing Crescent,2025,12,3,2,6,49,4,3,42,15,56
337,2025-12-04,28.5,14.6,0.1,14.3,36,57,851.4,81,0.0,2025-12-04 03:43:19.035242+00:00,2025-12-04 15:56:43.928684+00:00,Waxing gibbous,2025,12,4,3,4,49,4,3,43,15,56
338,2025-12-05,25.2,15.1,5.2,11.5,11,74,852.0,82,0.0,2025-12-05 03:43:42.226119+00:00,2025-12-05 15:57:10.204362+00:00,Waxing gibbous,2025,12,5,4,0,49,4,3,43,15,57
339,2025-12-06,24.5,13.8,0.7,15.5,39,74,852.3,75,0.0,2025-12-06 03:44:06.031171+00:00,2025-12-06 15:57:36.927577+00:00,Waxing gibbous,2025,12,6,5,2,49,4,3,44,15,57
340,2025-12-07,25.2,14.4,1.2,19.8,38,74,852.0,60,0.0,2025-12-07 03:44:30.425484+00:00,2025-12-07 15:58:04.070457+00:00,Waxing gibbous,2025,12,7,6,3,49,4,3,44,15,58
341,2025-12-08,26.0,13.9,0.3,11.9,16,71,852.1,78,0.0,2025-12-08 03:44:55.383288+00:00,2025-12-08 15:58:31.604413+00:00,Waxing gibbous,2025,12,8,0,1,50,4,3,44,15,58
342,2025-12-09,26.0,14.9,0.6,14.0,355,76,852.6,81,0.0,2025-12-09 03:45:20.877988+00:00,2025-12-09 15:58:59.500179+00:00,Waxing gibbous,2025,12,9,1,5,50,4,3,45,15,58
343,2025-12-10,25.6,13.9,1.1,14.4,21,75,852.4,58,0.0,2025-12-10 03:45:46.882208+00:00,2025-12-10 15:59:27.727861+00:00,Waxing gibbous,2025,12,10,2,6,50,4,3,45,15,59
344,2025-12-11,26.6,13.9,1.3,17.4,27,69,852.2,50,0.0,2025-12-11 03:46:13.367827+00:00,2025-12-11 15:59:56.256984+00:00,Waning Gibbous,2025,12,11,3,4,50,4,3,46,15,59
345,2025-12-12,22.0,14.4,2.8,15.4,14,79,852.4,77,0.0,2025-12-12 03:46:40.306029+00:00,2025-12-12 16:00:25.056544+00:00,Waning Gibbous,2025,12,12,4,0,50,4,3,46,16,0
346,2025-12-13,25.1,14.1,0.1,10.1,27,72,852.6,80,0.0,2025-12-13 03:47:07.667339+00:00,2025-12-13 16:00:54.095056+00:00,Waning Gibbous,2025,12,13,5,2,50,4,3,47,16,0
347,2025-12-14,25.1,14.0,3.0,17.5,38,76,851.9,70,0.0,2025-12-14 03:47:35.421676+00:00,2025-12-14 16:01:23.340608+00:00,Waning Gibbous,2025,12,14,6,3,50,4,3,47,16,1
348,2025-12-15,25.9,14.2,6.1,16.4,26,80,850.7,91,0.0,2025-12-15 03:48:03.538399+00:00,2025-12-15 16:01:52.760913+00:00,Waning Gibbous,2025,12,15,0,1,51,4,3,48,16,1
349,2025-12-16,25.0,14.7,0.4,13.9,4,75,850.7,77,0.0,2025-12-16 03:48:31.986353+00:00,2025-12-16 16:02:22.323364+00:00,Waning Gibbous,2025,12,16,1,5,51,4,3,48,16,2
350,2025-12-17,24.4,14.3,2.5,15.4,347,83,851.5,88,0.0,2025-12-17 03:49:00.733925+00:00,2025-12-17 16:02:51.995089+00:00,Waning Gibbous,2025,12,17,2,6,51,4,3,49,16,2
351,2025-12-18,25.4,14.8,15.5,13.5,73,79,853.1,70,0.0,2025-12-18 03:49:29.749089+00:00,2025-12-18 16:03:21.743008+00:00,Waning Gibbous,2025,12,18,3,4,51,4,3,49,16,3
352,2025-12-19,23.9,15.9,1.1,13.7,41,76,853.1,88,0.0,2025-12-19 03:49:58.999465+00:00,2025-12-19 16:03:51.533886+00:00,Last Quarter,2025,12,19,4,0,51,4,3,49,16,3
353,2025-12-20,25.1,14.8,1.3,13.9,22,74,851.1,97,0.0,2025-12-20 03:50:28.452372+00:00,2025-12-20 16:04:21.334392+00:00,Last Quarter,2025,12,20,5,2,51,4,3,50,16,4
354,2025-12-21,26.0,13.9,1.2,13.4,36,73,850.7,76,0.0,2025-12-21 03:50:58.074877+00:00,2025-12-21 16:04:51.111153+00:00,Last Quarter,2025,12,21,6,3,51,4,3,50,16,4
355,2025-12-22,25.9,14.6,4.8,12.6,302,78,851.2,72,0.0,2025-12-22 03:51:27.833858+00:00,2025-12-22 16:05:20.830814+00:00,Last Quarter,2025,12,22,0,1,52,4,3,51,16,5
356,2025-12-23,24.0,15.8,9.6,11.5,314,85,851.9,76,0.0,2025-12-23 03:51:57.696053+00:00,2025-12-23 16:05:50.460094+00:00,Last Quarter,2025,12,23,1,5,52,4,3,51,16,5
357,2025-12-24,25.7,13.3,1.4,13.4,26,77,851.5,83,0.0,2025-12-24 03:52:27.628121+00:00,2025-12-24 16:06:19.965837+00:00,Last Quarter,2025,12,24,2,6,52,4,3,52,16,6
358,2025-12-25,25.0,15.4,2.1,12.7,17,74,852.3,81,0.0,2025-12-25 03:52:57.596695+00:00,2025-12-25 16:06:49.315078+00:00,Last Quarter,2025,12,25,3,4,52,4,3,52,16,6
359,2025-12-26,26.9,14.4,0.1,11.1,30,74,852.1,90,0.0,2025-12-26 03:53:27.568442+00:00,2025-12-26 16:07:18.475087+00:00,New Moon,2025,12,26,4,0,52,4,3,53,16,7
360,2025-12-27,28.7,15.6,4.0,14.1,1,69,851.4,80,0.0,2025-12-27 03:53:57.510116+00:00,2025-12-27 16:07:47.413431+00:00,Waxing Crescent,2025,12,27,5,2,52,4,3,53,16,7
361,2025-12-28,19.8,16.2,4.0,6.8,197,90,853.1,100,0.0,2025-12-28 03:54:27.388616+00:00,2025-12-28 16:08:16.098027+00:00,Waxing Crescent,2025,12,28,6,3,52,4,3,54,16,8
362,2025-12-29,23.5,15.8,24.7,10.7,215,90,854.4,100,0.0,2025-12-29 03:54:57.171042+00:00,2025-12-29 16:08:44.497191+00:00,Waxing Crescent,2025,12,29,0,1,1,4,3,54,16,8
363,2025-12-30,23.1,15.6,0.3,11.6,22,80,855.0,100,0.0,2025-12-30 03:55:26.824750+00:00,2025-12-30 16:09:12.579694+00:00,Waxing Crescent,2025,12,30,1,5,1,4,3,55,16,9
364,2025-12-31,25.1,15.1,9.8,9.8,351,81,853.6,97,0.0,2025-12-31 03:55:56.317405+00:00,2025-12-31 16:09:40.314810+00:00,Waxing Crescent,2025,12,31,2,6,1,4,3,55,16,9
