date,temperature_2m_max,temperature_2m_min,precipitation_sum,wind_speed_10m_max,wind_direction_10m_dominant,relative_humidity_2m_mean,surface_pressure_mean,cloud_cover_mean,visibility_mean
2024-01-01,26.4,14.5,6.7,12,350,82,853.6,99,
2024-01-02,26,14.4,4.6,10.1,351,82,853.5,99,
2024-01-03,23.1,15.3,0.3,8.3,312,83,853.3,100,
2024-01-04,25.5,15.6,0,5.2,275,76,853.9,99,
2024-01-05,26.2,16,0.2,6.8,119,70,854.4,96,
2024-01-06,27.4,15.2,0.8,6.4,18,69,853.5,76,
2024-01-07,27.5,14.9,0.8,7.1,311,74,853.2,89,
2024-01-08,27.6,15.9,0,9.6,51,70,852.4,90,
2024-01-09,25.5,16,17.4,10.1,214,82,852.8,88,
2024-01-10,25.5,15.4,3,8.7,307,81,853,99,
2024-01-11,25.4,17,1.7,9.1,297,79,852.7,98,
2024-01-12,24.8,17,9.8,8.1,266,85,853.3,97,
2024-01-13,24.3,16.1,4,6.4,263,86,853.2,92,
2024-01-14,25.5,16.6,7,13.9,352,84,853.3,96,
2024-01-15,27.2,15.4,0.4,9.9,328,79,853.9,80,
2024-01-16,26.5,15.1,0.3,8.2,9,75,853.9,89,
2024-01-17,26.5,15.8,2.4,7.7,270,81,854.4,86,
2024-01-18,26.5,14.6,5.8,8.8,32,83,854.3,85,
2024-01-19,26.5,13.9,4.8,11.5,313,82,853.2,59,
2024-01-20,27.2,16.8,10.9,11.5,308,81,853.2,76,
2024-01-21,26.9,15.9,4.2,7.4,306,78,853.9,84,
2024-01-22,27.4,15.6,0.2,10.1,12,69,854.3,89,
2024-01-23,26.9,14.9,0.9,10.2,44,73,855.3,70,
2024-01-24,24.8,17.4,11.4,12.5,305,85,855.3,94,
2024-01-25,27.6,14.2,15.1,10.6,13,79,855,55,
2024-01-26,25.8,15.4,5.9,12,37,81,854.8,64,
2024-01-27,27.1,14.1,0.5,12.1,42,77,853.8,65,
2024-01-28,28.1,14.4,0,14.1,30,69,853.1,88,
2024-01-29,27.2,14.4,5.5,10.8,36,77,853.9,99,
2024-01-30,24.5,17,5.4,7.3,284,83,854.5,92,
2024-01-31,26.9,14.9,5.3,11.5,15,82,854.1,89,
2024-02-01,27.5,15.6,0.9,10.7,53,80,855.1,94,
2024-02-02,26.5,13.8,0.4,8.9,53,74,853.9,74,
2024-02-03,26.2,14.7,0.6,16,30,78,853,46,
2024-02-04,26.9,14.4,0.6,16.8,43,76,853.4,79,
2024-02-05,27.1,13.9,0.3,10.3,356,78,854.5,68,
2024-02-06,27.7,14.8,0,10,18,71,854.9,40,
2024-02-07,27.8,13.7,0.5,11.5,44,72,854.4,12,
2024-02-08,26.9,14.6,0.6,10.2,60,75,854.1,33,
2024-02-09,28,14.7,0.4,8.4,17,70,853.2,35,
2024-02-10,25.9,16.5,3,18.1,25,78,854.6,68,
2024-02-11,26.6,13.9,0.4,9.2,57,79,854.7,45,
2024-02-12,27.5,14.4,0.2,6.3,73,69,854.3,50,
2024-02-13,28.5,17.5,0.6,6.9,6,67,853.8,72,
2024-02-14,28.8,16.4,9.3,11,325,73,853.4,76,
2024-02-15,26.5,16.9,11.7,13.2,346,85,854.3,93,
2024-02-16,26.7,16,0.2,8.6,84,78,854.1,85,
2024-02-17,27.8,15.4,0,10,26,72,853.5,95,
2024-02-18,28.6,14.6,0.4,12.3,358,74,853.4,80,
2024-02-19,28.4,15.1,0.7,9.4,337,78,853.4,80,
2024-02-20,28.2,14.5,0.5,7.5,40,76,852.6,72,
2024-02-21,28.4,15.9,1.4,15.1,27,75,851.3,66,
2024-02-22,27,14.6,0.9,11.8,26,74,850.1,77,
2024-02-23,28.2,14.9,0,11.8,28,66,850.8,98,
2024-02-24,28,14.8,0.9,11.6,357,70,852.6,92,
2024-02-25,28.8,15.6,5.5,12.1,4,70,853.2,96,
2024-02-26,26.5,15.6,1.1,8.3,316,77,853.1,100,
2024-02-27,25.4,15.4,1.2,9.8,341,80,853.3,100,
2024-02-28,28.1,15.4,0.2,9.6,23,74,852.9,86,
2024-02-29,28.1,14.7,23.2,16.7,347,80,852.5,77,
2024-03-01,26.2,16.1,14.7,13.3,12,83,852.8,90,
2024-03-02,28.1,13.8,0,9.6,61,72,853.1,73,
2024-03-03,28.4,15.1,0.2,8.4,333,72,853.4,90,
2024-03-04,29.5,16.3,3.1,7.1,1,70,852.9,73,
2024-03-05,26.9,16.3,2.8,7.7,341,78,853.5,99,
2024-03-06,25.9,14.9,0.1,10,165,78,854.1,63,
2024-03-07,27.6,14,0,10.6,58,73,853.6,40,
2024-03-08,28.1,14.9,0,9.4,13,71,853.6,75,
2024-03-09,25.6,16.1,0.2,9,111,79,853.7,96,
2024-03-10,28,13.9,0.3,12.8,31,77,853.5,85,
2024-03-11,28.9,14.5,0.1,11.8,22,74,854.7,27,
2024-03-12,28.6,14,0.2,9.7,35,70,855,17,
2024-03-13,28.5,14.2,0,9.5,86,68,854.2,67,
2024-03-14,28.3,14.4,0,10.4,33,66,853.2,79,
2024-03-15,28,14.9,0.4,8.4,115,71,853.7,51,
2024-03-16,28.9,15.6,0,10,184,67,853.7,79,
2024-03-17,29.1,13.6,0,14.9,145,63,852.5,44,
2024-03-18,29.1,15.6,0.3,8.5,158,64,851.7,51,
2024-03-19,29,16.4,0.4,8.1,138,67,851.5,37,
2024-03-20,28.5,16.4,1,11.3,145,71,851.7,57,
2024-03-21,29,15.2,0.8,7.9,32,73,851.4,75,
2024-03-22,29.4,15.1,1,10.7,35,71,850.3,89,
2024-03-23,28.6,15.5,1.2,9.2,280,77,850.6,67,
2024-03-24,26.4,15.9,2.5,10.9,206,80,852.7,95,
2024-03-25,28.2,15.2,1.7,7.7,176,79,853.8,76,
2024-03-26,27.4,15.1,0.3,13.1,45,79,853.4,79,
2024-03-27,26.6,14.9,0.9,14.4,78,77,853.7,91,
2024-03-28,25.9,14.8,3.9,10.1,52,80,853.9,69,
2024-03-29,27.6,15.5,1.6,9.2,19,77,853.2,60,
2024-03-30,28.2,15.4,17,11.4,51,78,852.6,69,
2024-03-31,25.6,16,2.5,10.1,148,83,854,81,
2024-04-01,27.5,13.8,0.5,9.3,348,77,853.3,51,
2024-04-02,25.6,15.2,12.6,10,199,83,853.2,84,
2024-04-03,23.4,16.8,7.2,6.9,73,83,853.1,97,
2024-04-04,26,15.5,3.1,10.6,110,83,852.9,87,
2024-04-05,25.9,15.4,0.2,9,136,78,853.3,98,
2024-04-06,26.2,16.4,0,8.9,163,76,853.1,99,
2024-04-07,24.7,16.1,1.7,9.5,350,80,852.8,91,
2024-04-08,26.6,14.4,0,8.4,54,75,852.5,86,
2024-04-09,26.1,14.4,0.7,12,62,76,852.7,65,
2024-04-10,27.2,15.5,0.1,8,52,77,852.8,48,
2024-04-11,27.6,15.3,0,7.8,330,75,852.7,51,
2024-04-12,27.5,14.4,0.2,7.2,50,75,852.2,77,
2024-04-13,25.5,15.4,2.8,11.5,169,81,852.4,100,
2024-04-14,25.9,15.1,1.4,7.8,352,85,853.1,93,
2024-04-15,24.2,15.1,6.5,9.4,105,85,854.3,96,
2024-04-16,25.6,16.5,7.8,10.6,187,81,854.2,78,
2024-04-17,26.5,16.3,2.6,12.2,199,82,853.3,49,
2024-04-18,26,15.4,0.8,12.1,141,80,853.7,74,
2024-04-19,26,15.8,0.8,11.3,148,80,853.4,90,
2024-04-20,26.7,16,4,9.3,213,78,852.9,95,
2024-04-21,26.5,14.9,11.2,8.7,157,82,853,83,
2024-04-22,25.6,16.5,1,10.5,166,80,852.6,76,
2024-04-23,24,16.5,2.5,11.9,172,84,852.9,96,
2024-04-24,23.1,16.8,11.8,7.4,198,89,852.9,100,
2024-04-25,25.7,17.5,7.8,8.2,256,81,852.6,96,
2024-04-26,24,16.6,6.9,11.4,226,86,852.8,98,
2024-04-27,26.2,16,3.4,8.4,184,77,852.5,64,
2024-04-28,25,15.7,1.9,9.5,222,84,853.2,84,
2024-04-29,25.9,16.8,0.8,7.2,172,79,853.3,72,
2024-04-30,26.5,17.3,0.6,6.7,232,75,852.5,42,
2024-05-01,26.2,16.9,0.4,7.2,221,77,851.5,67,
2024-05-02,25.5,16.7,4.7,10.6,285,84,852.2,86,
2024-05-03,26.2,15.4,10.6,9.1,221,81,853.5,75,
2024-05-04,25.8,17.3,2.8,11.7,272,75,854.7,87,
2024-05-05,26.6,15.3,0,8,159,72,853.6,43,
2024-05-06,25.5,15.2,0.8,8.3,156,73,853.2,63,
2024-05-07,26.5,15.6,0.3,8.2,138,72,853.7,25,
2024-05-08,26.3,17.3,8.2,11.5,166,80,853.2,92,
2024-05-09,25.5,15.9,0.7,10.5,164,78,853.1,92,
2024-05-10,24.6,17.6,3.1,7.9,176,80,853.7,97,
2024-05-11,26.5,16.5,0.1,8.2,161,79,854,46,
2024-05-12,26.7,15.1,0,7.6,138,76,853.2,74,
2024-05-13,27.4,14.9,0,9.3,76,73,853,80,
2024-05-14,26.5,16,1,9.5,191,73,853.1,86,
2024-05-15,27.3,15.3,0.2,8.8,179,66,854,93,
2024-05-16,26.8,16.4,0.4,9.3,166,70,854.2,49,
2024-05-17,27,15.2,0,8.3,199,74,853.4,46,
2024-05-18,27,15.4,0,8,214,72,853.4,45,
2024-05-19,27.3,16.8,3,9.3,204,70,853.6,57,
2024-05-20,26.5,15.6,1.6,9.5,202,72,854,72,
2024-05-21,26.4,15.6,0.1,8.7,189,68,854.6,78,
2024-05-22,25.5,15.9,0.1,13.5,189,69,854.8,49,
2024-05-23,25.2,14.2,0,9.4,249,71,853.9,65,
2024-05-24,25.2,14.2,0.1,10.2,232,71,853.7,38,
2024-05-25,27,14.3,0,9.1,232,68,854,24,
2024-05-26,27.5,15,0,9.9,225,62,854.2,31,
2024-05-27,27.6,13.9,0,7.6,175,65,854.9,18,
2024-05-28,26.8,16.4,1.4,12,175,66,855.4,29,
2024-05-29,27.5,15.9,0,9,205,66,854.8,35,
2024-05-30,27.5,15.2,0,8.4,263,64,854,89,
2024-05-31,28.4,15.1,0.1,14.1,297,64,854.4,60,
2024-06-01,28.3,15,0.2,11,225,65,854.7,49,
2024-06-02,28.5,15.6,0,10.3,298,63,854,58,
2024-06-03,28.8,15.4,0.2,7.8,292,60,853.8,45,
2024-06-04,28.6,16,0.1,14.2,162,60,854,56,
2024-06-05,28.6,15.8,0,13,159,57,853.8,81,
2024-06-06,28.6,16.2,0,12.6,177,53,854.5,85,
2024-06-07,28.8,16.4,0,10.1,153,49,855.4,41,
2024-06-08,29.3,14.6,0,11.6,217,51,854.9,50,
2024-06-09,26.8,14.5,0,13.9,183,51,855.4,65,
2024-06-10,27,15.2,0,11.9,195,53,855.8,76,
2024-06-11,25.6,14.1,0,11.2,176,56,855.4,39,
2024-06-12,24.9,12.9,0,13.9,181,62,855.4,44,
2024-06-13,27,12.8,0,10,160,60,854.6,36,
2024-06-14,27.5,14.5,0,9.7,196,53,854,19,
2024-06-15,28.2,15.4,0,8.6,184,54,852.7,42,
2024-06-16,27.2,14.9,0.2,10,150,59,853,89,
2024-06-17,27,16.9,0,11.4,158,58,854.6,79,
2024-06-18,28,14.4,0,11.2,169,53,853.9,9,
2024-06-19,28.1,14.6,0,10.2,179,51,853.5,18,
2024-06-20,27.1,14.3,0,10.8,144,54,854.4,31,
2024-06-21,26.2,17,0,13.8,185,61,854.9,54,
2024-06-22,26.2,15.4,0,10.8,175,58,854.8,34,
2024-06-23,26.2,13.4,0,11.4,187,58,854.2,63,
2024-06-24,26,14.4,0,11.8,174,54,854.5,41,
2024-06-25,26,13.1,0,10.6,176,52,854.2,1,
2024-06-26,26,11.8,0,9.4,192,50,853.8,0,
2024-06-27,26.5,11.6,0,12.7,175,50,854.5,68,
2024-06-28,26.1,11.9,0,9.7,296,55,854.1,73,
2024-06-29,27.3,13.6,0,9.8,186,52,853.4,87,
2024-06-30,27.4,13.4,0,10.7,182,50,854.2,60,
2024-07-01,27.9,13.2,0,9.4,182,48,854.7,91,
2024-07-02,28.5,14.4,0,10.9,221,45,854.1,87,
2024-07-03,28.4,13.9,0,9.2,241,44,853.4,88,
2024-07-04,28.9,13.3,0,11.2,235,48,853,37,
2024-07-05,28.6,15.1,0,9.3,274,47,853,37,
2024-07-06,29.1,14.2,0,11,225,48,852.8,79,
2024-07-07,29,17.4,0,9.4,161,50,853.5,94,
2024-07-08,27.5,15.5,3.1,6.6,315,67,853.4,67,
2024-07-09,27.5,14.4,0.1,9.9,197,69,852.9,69,
2024-07-10,29,17.4,0,16,119,55,853.6,98,
2024-07-11,27.5,15.3,0,9.5,165,52,854.3,70,
2024-07-12,28.1,13.6,0,10.9,176,51,854.6,59,
2024-07-13,28.4,14.4,0,12.3,165,49,854.6,27,
2024-07-14,28.9,13.9,0,10,182,49,854.5,16,
2024-07-15,28.6,14.2,0,8,307,47,854.2,40,
2024-07-16,29,13.9,0,8.3,304,48,854.1,75,
2024-07-17,29.9,16.3,0,12.5,180,47,854.4,90,
2024-07-18,29.2,13.8,0,10.4,207,50,854.1,88,
2024-07-19,29.2,14.6,0,10.1,200,46,853.9,54,
2024-07-20,28,14.4,0,10.2,125,49,853.5,84,
2024-07-21,29.7,15.5,2,11.9,82,57,854.4,58,
2024-07-22,29.2,17.3,0.2,17.7,148,57,855.6,97,
2024-07-23,29,15.8,0,12.2,135,51,856.3,81,
2024-07-24,28.9,13.4,0,10.8,161,42,855.5,71,
2024-07-25,29.1,13.1,0,8.3,240,37,854.1,18,
2024-07-26,29.5,13.2,0,11.2,239,42,853.4,25,
2024-07-27,30.1,15.4,0,11.2,192,38,854.1,50,
2024-07-28,30.4,14.4,0,11.1,164,35,853.8,6,
2024-07-29,30.1,14.8,0,15.4,34,48,853.4,74,
2024-07-30,29.8,18.6,0.3,13.7,156,52,853.9,71,
2024-07-31,30.2,18.2,0,17.4,97,53,854.5,99,
2024-08-01,28.6,16.4,0,11.6,141,56,855.1,73,
2024-08-02,28.6,14.4,0,14.8,133,53,854.4,78,
2024-08-03,29,13.2,0,10,157,44,853.9,64,
2024-08-04,29.8,15,0,10.9,182,41,854,79,
2024-08-05,30,14.5,0,11.2,161,38,853.7,64,
2024-08-06,30,12.4,0,10.6,190,35,852.9,23,
2024-08-07,30.1,12.6,0,10.1,202,39,852.3,4,
2024-08-08,30.9,17,0,9.2,145,34,853.1,33,
2024-08-09,29.4,15.1,0,12.5,105,44,853.7,63,
2024-08-10,30.2,16.6,1.5,13,72,61,854.2,91,
2024-08-11,29.9,14.5,0.1,10.5,133,59,852.7,45,
2024-08-12,28.9,14.4,0.1,12.2,352,58,852.9,60,
2024-08-13,30.2,14.6,0,20.9,60,60,853.3,27,
2024-08-14,28.6,17,0.1,14.6,116,52,853.9,76,
2024-08-15,29.5,16.4,0.6,15,160,56,854,84,
2024-08-16,28.5,15.4,2.7,14,41,69,854.1,47,
2024-08-17,28.4,14.1,0.1,12,108,65,853.3,72,
2024-08-18,28.2,15,0,15.2,135,51,853.7,72,
2024-08-19,28.5,14.2,0,12,117,48,853.9,88,
2024-08-20,28.5,13,0,10.9,107,49,853.9,81,
2024-08-21,28.5,14.2,0,13.8,231,48,853.1,76,
2024-08-22,26.3,17.2,0,10.9,233,52,853.2,89,
2024-08-23,29.6,12.9,0,16.7,216,51,852.8,55,
2024-08-24,28.1,16.6,0,14.2,151,46,854.1,92,
2024-08-25,29,16.1,0,12.4,150,46,853.9,62,
2024-08-26,28.9,15.7,0,13.1,79,47,854,90,
2024-08-27,30,16.4,0.8,14.8,52,60,854.5,83,
2024-08-28,28.8,15.5,0.4,8.6,126,67,854.5,57,
2024-08-29,28,16,0,12.7,146,71,853.7,55,
2024-08-30,28.1,15.1,0,12.8,85,64,853.5,31,
2024-08-31,28.2,14.6,0,13,130,62,853.9,63,
2024-09-01,25.4,15.9,0,14.6,124,57,854.1,83,
2024-09-02,27.3,16.1,0,11.8,149,54,853.9,65,
2024-09-03,28.2,14.8,0,11.8,113,56,853,51,
2024-09-04,26.9,17.1,0,16.2,120,55,853.7,87,
2024-09-05,26.9,15.2,8.9,13.8,78,65,853.3,64,
2024-09-06,27.1,14.4,0.4,12.6,48,71,853.7,34,
2024-09-07,26.5,15.4,11.4,13.8,40,77,854.2,44,
2024-09-08,28.6,16.5,0.3,17.2,87,67,854.4,56,
2024-09-09,29.6,15.1,0,13.2,74,57,853.6,36,
2024-09-10,30.1,15.7,0.3,14,79,61,853.2,40,
2024-09-11,29.2,14.4,0,13.2,62,61,852.8,79,
2024-09-12,29.8,13.2,0,11.8,139,56,853.2,96,
2024-09-13,30.4,14.9,0,12.1,143,45,853.1,97,
2024-09-14,30.7,13.9,0,15.5,140,47,853.4,58,
2024-09-15,30.5,13.8,0,14.2,177,45,853.1,43,
2024-09-16,32.5,14.9,0,15,49,38,853,77,
2024-09-17,31.5,17.6,0.5,13.8,59,49,854.1,75,
2024-09-18,32.3,15.9,0.3,12.4,42,55,852.9,71,
2024-09-19,30.3,16.1,9.7,22.7,2,68,852,76,
2024-09-20,28.6,16,0.1,9,13,69,852.5,68,
2024-09-21,29.7,15.2,1.4,15.5,36,70,852.5,52,
2024-09-22,27.1,14.9,2.3,14.5,57,71,852.8,72,
2024-09-23,28,16,0,14.4,128,58,853.1,90,
2024-09-24,27.8,14.8,0,12.2,135,49,852.5,80,
2024-09-25,28.3,16.7,0.6,15.3,64,56,853.2,78,
2024-09-26,29.9,15.3,0.1,11.3,74,59,853.1,44,
2024-09-27,31.5,15.8,0,12.7,95,53,852.5,36,
2024-09-28,32,16.5,0,14.9,77,52,852,89,
2024-09-29,30.8,16.3,18.6,9.9,313,71,852.3,100,
2024-09-30,27.8,17.4,2.3,10.2,320,72,852.6,86,
2024-10-01,27.9,15.6,11,10.5,4,76,851.4,68,
2024-10-02,28.4,14.9,1.3,18.7,62,73,851.4,64,
2024-10-03,27.9,15.2,0.5,17,118,65,852.9,82,
2024-10-04,30,14.6,0,14.5,87,49,853.4,89,
2024-10-05,28,13.6,0,10.1,125,59,852.7,58,
2024-10-06,28.6,15.4,0.1,11.9,55,61,852.8,95,
2024-10-07,28.6,16.1,0.5,14.2,34,67,853.4,89,
2024-10-08,23.4,15.2,24.2,12.7,339,83,854.6,95,
2024-10-09,25.5,14.7,14.7,12.5,178,79,854.7,72,
2024-10-10,25.8,14.4,7.8,13.3,13,78,853.7,58,
2024-10-11,23.8,14.8,4.8,10.8,198,83,854.2,86,
2024-10-12,25,14.4,1.3,12,145,74,853.9,69,
2024-10-13,27.9,13.3,0,12.9,83,63,853.1,40,
2024-10-14,28.1,14,0,11.7,85,61,852.9,84,
2024-10-15,28.6,15.8,0,11.1,26,65,853.1,61,
2024-10-16,26.9,15.9,1.9,13.5,13,73,853.9,79,
2024-10-17,28.1,15.1,3.1,10.4,288,74,854,97,
2024-10-18,27.2,14.6,7.8,12.2,342,76,853.1,69,
2024-10-19,28.1,14.6,2.2,13.5,239,77,853.2,84,
2024-10-20,26.6,14.9,4.3,10,203,83,853.4,99,
2024-10-21,27.5,14.4,1.9,10.3,51,73,853.7,88,
2024-10-22,27.1,14.3,2.9,13,118,79,853.4,49,
2024-10-23,27.5,14.9,0.8,12.5,28,74,853,27,
2024-10-24,28.5,15.5,2.5,12,38,73,852.8,60,
2024-10-25,28.4,14.8,0.6,10.4,52,70,852.2,67,
2024-10-26,29.8,15.4,0.9,17.9,35,70,852.3,88,
2024-10-27,28.2,15.4,2.6,10.7,62,73,852.9,90,
2024-10-28,28.6,14.3,0.2,14.5,41,73,852.3,82,
2024-10-29,29.4,14.4,0,11.1,80,65,851.9,55,
2024-10-30,29.2,15.8,0.2,14.4,64,66,852.1,68,
2024-10-31,29,15.9,8.5,14.1,16,73,852.1,84,
2024-11-01,26.5,15.4,1.5,18.3,73,76,852.4,89,
2024-11-02,24.6,15.2,3.6,15.2,90,79,852.7,57,
2024-11-03,26.5,15.2,4.8,15.7,19,77,853,55,
2024-11-04,28.8,14.4,1.2,12.8,60,64,851.8,34,
2024-11-05,28.8,15.4,1.1,15.7,53,69,851.4,53,
2024-11-06,26.8,15.9,6.6,12.6,46,77,852.2,86,
2024-11-07,25.1,15.2,6.5,13.2,42,78,852.6,72,
2024-11-08,25.6,15.2,2.7,14.2,79,70,852.2,70,
2024-11-09,28.4,13.9,0.3,12.8,35,66,851.1,80,
2024-11-10,27.2,15.6,1.3,16.2,13,69,852.1,92,
2024-11-11,26.5,15.1,7,13.1,16,80,852.7,72,
2024-11-12,26,14.6,0.4,15.1,359,81,852.8,68,
2024-11-13,26.4,13.6,1.7,12.3,38,75,851.4,27,
2024-11-14,25.8,15.1,1.3,13.2,28,77,850.7,74,
2024-11-15,25.5,15.2,0.8,13,2,77,850.5,82,
2024-11-16,21.7,15.9,9.5,12.4,3,88,851.6,98,
2024-11-17,25,14.4,8.3,15.9,75,87,851.8,64,
2024-11-18,24.1,14.4,11.1,11.6,353,88,852.2,65,
2024-11-19,25,13.9,0.7,12.5,33,80,852.2,44,
2024-11-20,26.3,14.9,11.1,11.4,2,82,852.3,64,
2024-11-21,23.7,15.4,19.7,6.6,318,88,852.7,95,
2024-11-22,24.1,14.9,11.7,10.9,52,87,852.5,86,
2024-11-23,24,16,10.3,8.8,353,87,853.4,81,
2024-11-24,24.2,16.4,23.5,7.9,357,87,853.5,94,
2024-11-25,24.4,15.9,7.7,8.5,203,86,853,92,
2024-11-26,24.6,15.8,16,8.2,10,87,852.6,85,
2024-11-27,24.4,14.9,7.8,10.6,97,87,853.2,91,
2024-11-28,23.7,15.6,8.7,8.8,55,86,854.1,65,
2024-11-29,23.5,15.1,8.5,7.6,349,88,854.3,57,
2024-11-30,24.5,14.5,2.4,9.3,34,84,854.1,71,
2024-12-01,23.9,15.8,12,8.2,9,87,853.1,87,
2024-12-02,24.5,14.4,7.4,7.3,9,85,851.8,86,
2024-12-03,24.1,15.9,3.2,10.9,24,84,852,83,
2024-12-04,24.6,16.5,5.6,13.7,18,84,852.4,88,
2024-12-05,24,15.6,6.6,9.5,10,87,852.7,87,
2024-12-06,24.4,14.8,4.9,5.7,358,87,852.3,73,
2024-12-07,24.4,13.6,0.6,15.3,21,77,852.9,45,
2024-12-08,24.6,12.6,0.6,12.8,35,75,853,33,
2024-12-09,24.9,13.6,0,8.8,82,73,852.6,23,
2024-12-10,24.5,14.7,0.8,14.1,53,82,852.1,28,
2024-12-11,23.6,14.6,14.3,8.9,328,87,851.8,77,
2024-12-12,23.5,14.4,11,8.3,342,89,851.8,87,
2024-12-13,25,16,1.7,10.6,13,82,852.1,66,
2024-12-14,25.7,14.6,1.2,8.2,24,79,852.5,45,
2024-12-15,25.3,14.9,0.3,14.3,12,81,852.4,59,
2024-12-16,25.9,14.4,1.5,15.8,26,82,852.7,96,
2024-12-17,26.2,14.4,0.7,14.3,20,79,852.6,70,
2024-12-18,26.9,13.8,18.8,15.5,347,78,853.4,79,
2024-12-19,25,15.3,1.5,7.1,329,85,854,54,
2024-12-20,24.8,14.9,0,7.4,21,81,853.6,81,
2024-12-21,25.4,15.8,0.7,12.1,16,80,853.7,99,
2024-12-22,25.3,15.8,0.1,9.1,352,81,853.1,84,
2024-12-23,25,15.8,2.2,11.3,308,84,852.7,88,
2024-12-24,25.4,16,0.9,13.4,22,81,852.8,82,
2024-12-25,25,15.1,13.1,8.8,95,88,853.2,91,
2024-12-26,23.7,14.2,7.6,14.9,42,88,853,89,
2024-12-27,24.5,13.1,1.6,13,331,83,853,57,
2024-12-28,24.9,13.2,0.3,9.1,14,74,852.7,89,
2024-12-29,26.7,13.4,0.1,12,10,69,852.6,39,
2024-12-30,27.6,13.2,0,13,1,63,852,29,
2024-12-31,28.6,14.9,0,13.8,353,57,852.6,77,
2025-01-01,27.4,15.6,0,14.1,5,60,852.2,91,
2025-01-02,28.2,13.8,0.8,10.4,55,67,852.2,64,
2025-01-03,27.9,15.9,1,11.1,2,69,852.8,77,
2025-01-04,28,13.9,1.4,9.7,24,63,852.6,49,
2025-01-05,28.7,15,0.8,15,20,63,852,22,
2025-01-06,28.9,13.6,0.4,12,31,62,852.1,51,
2025-01-07,28.1,16.4,0.3,8.8,131,59,853,27,
2025-01-08,29.6,15.6,0.3,11.3,159,56,853.2,49,
2025-01-09,30.2,17,0.3,9.8,347,57,852.6,71,
2025-01-10,28.2,15.6,13.5,10,329,71,853,78,
2025-01-11,25.7,15.8,4.2,14.3,3,79,853.6,72,
2025-01-12,26.8,14.8,1.6,9.9,351,79,852.4,81,
2025-01-13,28,14.9,0.4,13.4,4,67,851.2,68,
2025-01-14,28.8,15.6,0.7,18,4,63,850.5,94,
2025-01-15,30.3,14.4,0,17.5,39,53,851.4,98,
2025-01-16,30.1,14,0,17.1,74,55,852.3,96,
2025-01-17,28.8,15.8,0,12.8,38,54,852.6,100,
2025-01-18,29,15.6,0.2,9.3,12,60,851.6,98,
2025-01-19,28.7,15.9,0.8,10.1,341,59,852.2,70,
2025-01-20,29,15.1,1.9,12.4,323,70,852.8,82,
2025-01-21,27.2,15.6,15.8,12,347,76,852.9,64,
2025-01-22,26.1,14.1,6,9.9,341,85,853,70,
2025-01-23,25.2,14.3,0,6.7,335,76,852.5,96,
2025-01-24,26.5,16.2,11.6,10.9,342,77,851.7,70,
2025-01-25,24.1,14.6,6.5,12.5,291,86,852.2,96,
2025-01-26,25.6,15.4,0.8,8.9,341,80,852.9,67,
2025-01-27,25.4,13.4,5.1,10.8,322,79,852,52,
2025-01-28,24.1,15.4,0.4,7.7,305,83,852.4,94,
2025-01-29,24.2,14.4,4,9,352,82,852.8,94,
2025-01-30,26.4,14.9,0.1,9.4,27,79,852.9,71,
2025-01-31,25.4,14.6,1.1,10.1,234,78,852.2,60,
2025-02-01,25.5,14.8,4.2,13.3,35,78,852.4,55,
2025-02-02,25.8,16,1.2,10.9,335,76,851.8,70,
2025-02-03,27.2,16.4,1.3,8.6,345,76,851.3,76,
2025-02-04,24.4,16.5,5.7,8,310,83,851.3,100,
2025-02-05,26,15.9,1.6,11.5,292,79,850.9,100,
2025-02-06,27.1,15.9,4.9,12.8,309,77,850.6,97,
2025-02-07,25.8,15.4,0.5,8.3,333,75,851.5,84,
2025-02-08,25.5,15.8,6.5,7.3,242,85,852.9,82,
2025-02-09,26.9,15.2,0.1,13,45,78,852.3,55,
2025-02-10,28,14.4,0.3,8.9,36,73,850.1,82,
2025-02-11,26.1,15.8,4.3,11.2,328,77,850.1,94,
2025-02-12,26.9,15.3,1.9,8.4,312,77,851,94,
2025-02-13,27.8,15.9,0.4,8.7,284,73,851.6,89,
2025-02-14,26.7,15.9,13.7,13.7,298,78,852.4,98,
2025-02-15,27.8,14.1,1.2,13.1,322,77,852.5,93,
2025-02-16,27.8,15.1,1,11.4,323,73,851.2,46,
2025-02-17,27.7,15.1,1.4,10.4,350,76,851.3,53,
2025-02-18,28.4,13.4,0.4,12.1,29,67,851.9,34,
2025-02-19,30.3,15,0,12.1,359,58,852.3,18,
2025-02-20,31.8,14.2,0,13.3,22,46,851.9,63,
2025-02-21,31.4,14.9,0.1,12.9,23,44,852.1,66,
2025-02-22,31.2,17.4,0.2,12.5,31,50,852.5,45,
2025-02-23,31.5,16,0.2,10.1,72,51,853,47,
2025-02-24,31.8,16,0,14.2,40,46,853.1,89,
2025-02-25,31.3,15.9,0.1,19,34,46,852.6,75,
2025-02-26,32.7,14.9,0.1,21.1,31,43,853.2,36,
2025-02-27,32.3,15.8,0,15.2,57,38,853.8,16,
2025-02-28,33,15.3,0,13.1,47,39,853.3,55,
2025-03-01,32.6,16.5,0,13.9,81,45,852.4,71,
2025-03-02,31,17.1,0.3,14.3,156,56,852.7,54,
2025-03-03,29.1,15.5,2.6,12.8,301,69,851.7,24,
2025-03-04,28.4,16,0.5,12,194,69,851.4,45,
2025-03-05,29.5,17,1,15.2,334,67,851.1,76,
2025-03-06,31.9,17.1,0,17.1,90,51,852.2,92,
2025-03-07,31.1,19.1,1,14.8,197,51,852.4,73,
2025-03-08,26.8,17.8,13.7,20.5,324,73,851.5,81,
2025-03-09,26.5,15.4,8.6,16.1,316,82,851.6,82,
2025-03-10,26.9,16.2,2.9,8.9,352,80,852.6,90,
2025-03-11,27.6,15.9,17.7,12.2,332,84,852,93,
2025-03-12,25,14.9,10.1,15.5,353,85,851.8,94,
2025-03-13,26.4,15.6,1,9.5,33,81,851.7,89,
2025-03-14,27.4,15.2,0.1,9,23,71,851.6,47,
2025-03-15,26.5,16.5,1.8,9.3,316,77,853.2,94,
2025-03-16,24.5,15.7,6.5,9.7,196,87,854.2,90,
2025-03-17,25.5,14.6,1.1,12.4,141,79,853.2,46,
2025-03-18,26.8,15.6,10,14.3,218,81,852.3,90,
2025-03-19,24.6,15.1,3.2,10.4,225,87,853.3,100,
2025-03-20,22.4,15.5,4.1,8.4,360,88,855.2,89,
2025-03-21,25.3,16,0.8,10.8,127,80,854.8,54,
2025-03-22,25.4,15.2,4.1,9.9,333,83,853.1,51,
2025-03-23,25.5,15.4,6.3,13.8,11,80,852.9,95,
2025-03-24,25.5,13.7,0.5,9.7,40,76,853.9,75,
2025-03-25,26,15.6,2,8.2,135,78,853.2,48,
2025-03-26,27.1,15.6,1.2,8.9,326,78,851.5,51,
2025-03-27,26.9,16.1,23,12.1,275,81,851.1,91,
2025-03-28,23.5,15.9,7.8,9.9,223,88,852.4,74,
2025-03-29,24.8,16.5,3.3,7,161,83,852.7,87,
2025-03-30,25.8,16.5,12.9,8,176,82,851.6,78,
2025-03-31,25.5,15.6,5,12.8,122,85,852,77,
2025-04-01,24.2,15.5,10.8,16,95,86,852.1,93,
2025-04-02,25.4,15,3.9,13.3,353,84,852.1,85,
2025-04-03,25,15.6,3.3,10.4,182,84,852.7,74,
2025-04-04,25.5,15.4,1.9,10,193,83,852.4,65,
2025-04-05,25,16.1,12.7,10.6,144,85,852.4,96,
2025-04-06,22.9,15.9,4.8,9.9,168,86,852.5,100,
2025-04-07,22.9,16.4,9.5,7,236,86,853.9,93,
2025-04-08,24.4,15,1.9,8.9,31,85,854.8,51,
2025-04-09,25.8,14.5,0.3,6.5,12,78,854.1,55,
2025-04-10,24.6,15.8,10.6,9.5,295,84,853.1,72,
2025-04-11,26,14.9,4.9,10.2,311,83,851.6,80,
2025-04-12,24.5,15.9,3,9.8,200,83,852.2,98,
2025-04-13,22.6,15.5,3.9,10.3,149,88,853.9,91,
2025-04-14,24.6,15.1,6.7,10,165,84,854,61,
2025-04-15,23.3,16,7.7,11,236,85,853.5,78,
2025-04-16,24.1,15.4,6.8,8.8,43,83,853.7,84,
2025-04-17,25.1,13.2,0.2,6.9,86,76,853,45,
2025-04-18,23.6,15.9,5.1,9.9,247,85,853.2,66,
2025-04-19,24.5,15.9,9.9,8.9,308,86,852.8,98,
2025-04-20,24.8,14.8,2.2,7.3,83,84,852.2,86,
2025-04-21,25.8,15.3,2,9,118,79,852.1,44,
2025-04-22,24.5,15.7,8.1,9,184,82,852.4,72,
2025-04-23,22.6,15.6,9,14.2,199,88,852.6,88,
2025-04-24,23.6,15.1,1.8,9.4,137,87,852.5,95,
2025-04-25,24.6,14.3,4.2,12.3,211,86,852.5,75,
2025-04-26,25.2,14.6,0.4,11.4,186,76,852.4,47,
2025-04-27,26.3,15.2,0.6,14,170,71,852,24,
2025-04-28,26,16,2.1,13.4,183,70,851.7,82,
2025-04-29,25,15.1,1.5,10.3,220,79,851.5,72,
2025-04-30,25,15.6,3.8,9.9,189,81,851.7,81,
2025-05-01,27.2,14.6,2.6,10,340,79,851.7,77,
2025-05-02,25.3,16,2.9,12.8,280,82,852.5,95,
2025-05-03,24.4,15.5,3.1,12.2,292,78,852.7,100,
2025-05-04,25,15.3,8.6,12.5,315,82,853,99,
2025-05-05,22.8,14.4,10.3,13.2,214,88,853.8,95,
2025-05-06,23.5,14.9,9.3,12,182,88,854.3,80,
2025-05-07,22.3,15.2,10,11.9,218,89,854.3,88,
2025-05-08,23,15.9,3.9,9.8,157,85,853.7,84,
2025-05-09,24.1,15.6,4.9,10.3,176,85,853.8,52,
2025-05-10,22.1,15.6,11,11.2,219,89,854.7,64,
2025-05-11,23.8,14.8,1,6.8,283,85,854.8,76,
2025-05-12,23.8,14.8,0.4,10.6,216,86,854.7,91,
2025-05-13,23,16.4,5,9,178,87,854.6,93,
2025-05-14,23,15.8,10.4,11.4,272,88,854,84,
2025-05-15,23,15.1,1.1,11.4,11,84,853.6,66,
2025-05-16,23.5,14.6,0.7,9.7,209,79,853.2,58,
2025-05-17,24.3,15.9,1.3,12.4,185,76,853,60,
2025-05-18,24.5,14.9,0.6,11,226,76,852.4,47,
2025-05-19,24.9,15.4,5.8,9.8,215,78,852.9,79,
2025-05-20,23.4,15.6,8.3,11.8,287,88,853.1,84,
2025-05-21,24.9,14.9,3.1,10.7,269,84,853.7,65,
2025-05-22,24.6,14.8,4.4,11,267,85,854.7,73,
2025-05-23,21.5,15.2,16,13.7,259,89,854.9,81,
2025-05-24,24.3,14.8,0.3,10.6,246,79,853.5,91,
2025-05-25,24.2,15.2,0.4,12.6,176,75,854,71,
2025-05-26,24.4,16.6,0.5,12.8,208,73,855.4,89,
2025-05-27,24.6,15,2.8,13.2,17,77,855.2,55,
2025-05-28,24.7,15.1,4.8,10.2,332,82,856,77,
2025-05-29,24.9,14.8,0,12.8,168,72,855.8,56,
2025-05-30,25.4,15.1,0.4,14,172,69,855.5,66,
2025-05-31,25.8,16.1,0,13.1,180,67,855.6,90,
2025-06-01,25.9,15,0,13,203,65,855.6,78,
2025-06-02,26.7,14.2,0,8.5,249,62,855,20,
2025-06-03,26.6,16.4,0.5,8,240,63,854.7,53,
2025-06-04,23.7,16.3,3.2,12.3,305,76,854.6,90,
2025-06-05,24.1,16.1,1.9,12.4,322,77,855.2,88,
2025-06-06,22.6,15.8,1.5,8.4,320,84,855.8,84,
2025-06-07,24,16.6,0.3,10.8,281,78,855.2,66,
2025-06-08,24.7,15.5,0.7,9.9,355,77,854.9,51,
2025-06-09,25.2,14.6,1.3,11.1,96,72,854.6,33,
2025-06-10,26,15.1,0.5,13,148,70,854.1,43,
2025-06-11,26,15.1,0.1,10.2,174,66,853.5,66,
2025-06-12,26.3,14.8,0,10.9,181,63,853.6,41,
2025-06-13,25.1,14.8,0,14.2,181,64,854.6,47,
2025-06-14,25.9,13.2,0,10.9,180,61,854.8,22,
2025-06-15,25.2,13.5,0,13,215,61,855.2,45,
2025-06-16,26.6,12.7,0,10.9,198,56,855.1,86,
2025-06-17,26,14.5,0,11.2,260,56,855.1,87,
2025-06-18,25.4,17,0,8,288,63,855.5,91,
2025-06-19,26.3,16.4,10,14.9,282,72,855.8,96,
2025-06-20,23,16.1,5,13.1,279,84,855.7,99,
2025-06-21,24.9,13.9,10.2,9.2,267,83,854.8,88,
2025-06-22,25,14.1,2,9.8,15,78,853.8,45,
2025-06-23,25.1,14.9,14.6,12.8,358,81,853.8,64,
2025-06-24,24.6,15.2,2.5,11.8,343,82,854,45,
2025-06-25,24.1,13.4,0,7.9,334,80,853.4,13,
2025-06-26,24.6,13.8,0,11.7,5,74,853.3,59,
2025-06-27,26.5,13.8,0,8.7,335,67,853.1,66,
2025-06-28,27.3,14.4,0,9.6,131,62,853.3,90,
2025-06-29,25.1,16.5,0,16.3,142,63,853.8,91,
2025-06-30,24.4,15.9,0,8.7,167,61,854,82,
2025-07-01,24.8,14.7,0,13.4,157,60,855.1,58,
2025-07-02,25.9,13.1,0,9.7,3,58,854.7,34,
2025-07-03,26.6,14.6,0,11.5,136,55,854.7,74,
2025-07-04,26.6,14.2,0,11.3,96,54,854.6,19,
2025-07-05,27.4,15.7,0,10.6,124,51,854.2,56,
2025-07-06,27.6,16.2,0.1,11.1,60,53,854.5,96,
2025-07-07,27,16.8,0.1,9.4,268,60,854.5,77,
2025-07-08,28,16.5,0,13,147,59,855,88,
2025-07-09,25,18.5,0,15.5,173,55,855.9,90,
2025-07-10,23.9,15.8,0,12.2,189,57,855.4,78,
2025-07-11,26.4,14.4,0,10.4,157,54,854.6,74,
2025-07-12,27.6,16,0,9.1,117,52,854.9,67,
2025-07-13,27.4,15.7,0.3,12.4,77,56,855.9,55,
2025-07-14,25.6,17.6,0.2,12.3,120,60,856.3,81,
2025-07-15,25.7,15.9,5.1,13.4,258,70,855.2,71,
2025-07-16,26.8,14.9,0,8.3,296,60,854.1,58,
2025-07-17,27.8,15.1,0.1,16.5,24,60,855.4,56,
2025-07-18,27.9,14.9,0.1,11.7,43,59,856,54,
2025-07-19,28.5,15.4,0.3,12.9,128,58,855.1,61,
2025-07-20,26.9,15.2,0,17.1,151,50,853.5,41,
2025-07-21,27,15.6,0,11.7,158,47,853.3,74,
2025-07-22,28,15.9,0,13.1,116,46,853.8,71,
2025-07-23,27.2,16.6,0,10.9,141,45,854.3,52,
2025-07-24,27.9,17,0,12.5,125,44,854.2,44,
2025-07-25,28.5,15.8,0,13.5,129,42,854.1,63,
2025-07-26,28.5,16.5,0,12.5,153,39,854.9,93,
2025-07-27,28.9,15.5,0,11.7,150,38,855.5,66,
2025-07-28,28,14.8,0,13.6,143,41,855.7,14,
2025-07-29,27,15.7,0,13.7,168,39,856.3,20,
2025-07-30,26.9,14.9,0,11.6,162,37,856.6,1,
2025-07-31,28,14.4,0,11.2,177,37,856.2,33,
2025-08-01,28.9,17,0,9.1,194,36,855.3,61,
2025-08-02,28.4,15.8,0,13.5,171,38,854.6,70,
2025-08-03,27.8,15.6,0,15.6,168,39,855,65,
2025-08-04,26.7,14.4,0,12.1,173,37,855.2,70,
2025-08-05,27.9,14.4,0,13.3,202,35,854.8,42,
2025-08-06,29.5,15.4,0,10.6,204,36,853.9,39,
2025-08-07,29.5,18.5,0,12.4,124,38,853.2,68,
2025-08-08,29.1,16.8,0.3,12.3,158,49,852.9,39,
2025-08-09,26,17,0.8,16.6,62,63,853.7,90,
2025-08-10,26.3,16.3,13.2,15.9,17,72,854,99,
2025-08-11,25.1,15.6,4.6,14.3,204,80,853.6,99,
2025-08-12,23.8,14.9,0.4,11.8,69,77,852.8,91,
2025-08-13,26,15,0,11.2,78,68,853,62,
2025-08-14,26.5,14.1,0.1,10.8,30,66,853.6,64,
2025-08-15,26.5,16.1,1.1,10.3,6,62,853.8,91,
2025-08-16,27,17.1,0.3,10.2,244,68,853.5,98,
2025-08-17,26.7,15.4,5.7,16.4,56,70,853.4,89,
2025-08-18,22.6,16.4,4.9,8.9,289,88,854.8,100,
2025-08-19,24.5,14.1,17,10.8,321,81,854.2,82,
2025-08-20,25.1,13.8,0,12.2,348,73,852.8,62,
2025-08-21,26.4,15.1,0,12.6,114,63,852.6,84,
2025-08-22,26.1,12.6,0,11,166,61,852.2,7,
2025-08-23,25,14.2,0,15.6,141,59,851.9,63,
2025-08-24,26,15.2,0,10.3,126,55,853.1,53,
2025-08-25,27.6,13.4,0.1,14.8,36,58,854.2,42,
2025-08-26,26.9,14.9,0.6,16.3,93,65,855.4,27,
2025-08-27,27.2,13.2,0,10.9,71,63,854.6,62,
2025-08-28,27.5,13.3,0,14.6,139,52,854.5,33,
2025-08-29,30,15.1,0,14.1,145,39,854.2,30,
2025-08-30,28,15.1,0,12.4,170,35,855.1,18,
2025-08-31,27.2,15.7,0,13.5,182,37,855.7,28,
2025-09-01,28.8,15.9,0,14.6,161,39,854.7,20,
2025-09-02,31,15.4,0,21.2,169,33,853.6,38,
2025-09-03,28.9,14.7,0,14.9,110,37,853.7,62,
2025-09-04,31,16.9,0,13.6,118,37,853.2,64,
2025-09-05,29.1,17.1,0,13.2,143,37,853.7,90,
2025-09-06,30,17,0,12.7,161,36,854.3,90,
2025-09-07,29.8,15.6,0,18,103,45,854.2,87,
2025-09-08,29.6,15.4,0,14.4,69,45,854.1,88,
2025-09-09,30.9,17.2,0,14.6,81,46,854.4,84,
2025-09-10,29.6,17.5,2.2,12.4,348,62,854.9,90,
2025-09-11,27.3,15.2,0.1,16.3,62,68,854.2,77,
2025-09-12,28.9,14.6,0.4,12.3,51,64,853.8,57,
2025-09-13,29,17.1,1.3,13.6,5,65,853.8,73,
2025-09-14,30,15.8,0.1,14.9,7,63,853.3,44,
2025-09-15,28.4,16.8,5.3,12.2,337,71,853.2,72,
2025-09-16,27,14.6,16.7,11.9,348,77,852.8,70,
2025-09-17,25.4,14.9,5.8,6.9,70,79,853,80,
2025-09-18,25.7,14.1,5.9,18.7,5,84,852.9,86,
2025-09-19,26.1,14.6,0.5,13.3,41,76,853.3,69,
2025-09-20,26.5,14.6,0,11.1,214,68,853,81,
2025-09-21,26.1,13.9,0,9.7,240,58,852.7,79,
2025-09-22,27,13.8,0,11.2,87,60,853,82,
2025-09-23,28.1,13.4,0.1,11.2,85,60,853.9,80,
2025-09-24,26.9,14.7,0.7,9.7,34,65,854,76,
2025-09-25,28.8,15.7,0.2,18.7,12,62,854.1,73,
2025-09-26,28.9,15.2,2.1,17.6,65,66,854.1,38,
2025-09-27,29.9,16.1,1.2,17.1,61,64,853.9,46,
2025-09-28,29.5,15.2,0.7,11.7,32,63,854.1,56,
2025-09-29,30.7,15.5,0.1,10.8,45,56,853.2,64,
2025-09-30,29.6,15.9,0.7,12,38,59,852.8,100,
2025-10-01,26.9,14.8,0.1,13.4,68,66,853.1,96,
2025-10-02,28.7,15.4,0,13.2,41,56,852.9,78,
2025-10-03,28.6,16.4,4.6,17.2,261,70,854.1,86,
2025-10-04,25.5,16.1,14.3,14.6,133,80,854.2,86,
2025-10-05,25.4,14.7,1.1,14.5,23,81,853.2,79,
2025-10-06,25.5,15.2,11.8,12.5,15,82,853.1,68,
2025-10-07,23.1,14.6,14.1,12.4,23,87,853.6,76,
2025-10-08,24.6,14.5,5.7,17.5,19,85,853.4,82,
2025-10-09,22.8,13.6,7.5,13,11,87,853.4,74,
2025-10-10,24.3,13.4,4.1,13.7,30,83,852.8,57,
2025-10-11,24.5,13.4,0.1,10.8,3,79,851.3,49,
2025-10-12,25.9,13,0.1,13,26,69,850.7,46,
2025-10-13,26,13.6,0.2,10.3,47,67,851.1,62,
2025-10-14,25.8,14.1,0.4,15.6,28,69,851.5,60,
2025-10-15,26.8,13.7,0.3,11.2,40,67,851.5,88,
2025-10-16,27.4,14.9,1.2,21.5,15,72,851.6,81,
2025-10-17,25.3,14.8,1.6,13.3,22,72,852.3,79,
2025-10-18,24.8,15.6,7.4,23.1,25,77,853.5,78,
2025-10-19,26.8,16.5,0.2,12.7,112,66,852.7,57,
2025-10-20,27.8,14.2,0,13.5,44,62,851.4,34,
2025-10-21,27.5,15.4,10.7,15.9,9,74,852.3,68,
2025-10-22,23,16.5,12.4,9,321,85,853.7,96,
2025-10-23,26,14.4,0.8,13.2,37,81,853.4,94,
2025-10-24,26.6,15.2,8.5,6,350,82,853.2,93,
2025-10-25,24.6,15.6,5.5,8.9,324,85,853.4,98,
2025-10-26,26.5,14.9,0.7,10.6,348,77,852.8,74,
2025-10-27,26.5,14.9,0.8,12,24,77,852.9,42,
2025-10-28,24.7,15.6,9.6,10.3,15,80,852.3,73,
2025-10-29,24.5,15.9,2.8,12,37,83,852.6,100,
2025-10-30,23.7,16,6.7,11,27,85,853,97,
2025-10-31,24,15.6,1.6,15.1,61,81,853.3,89,
2025-11-01,24.7,15.1,7.6,12,60,80,853,67,
2025-11-02,25.7,14.8,0.7,12,62,78,853.6,69,
2025-11-03,24.7,14.9,0.6,16.1,42,80,853.9,43,
2025-11-04,25.7,13.9,1.2,10.7,28,76,853.6,78,
2025-11-05,25.1,16,1,15.1,4,74,853.6,70,
2025-11-06,26.5,13.6,1.6,10.2,355,73,851.5,57,
2025-11-07,24,15.4,11.6,13.4,342,85,851.5,100,
2025-11-08,23.7,15.1,6.2,13.7,18,86,852.7,94,
2025-11-09,23.7,16.1,1,11.7,63,80,853.3,83,
2025-11-10,24.5,13.9,4.3,13.2,18,81,852.9,62,
2025-11-11,24.5,13.4,2.4,15.9,31,83,852.2,91,
2025-11-12,25.5,13.6,0.6,12.7,39,73,851.8,74,
2025-11-13,25.6,14.8,0.2,13.6,20,73,852.5,80,
2025-11-14,22.4,14.8,6.7,13.3,357,83,853.2,95,
2025-11-15,24,13.1,2.9,12.7,20,83,852.9,66,
2025-11-16,24.6,13.9,6.1,12.6,177,83,853.7,63,
2025-11-17,24.8,13.7,0.5,13,16,82,853.5,47,
2025-11-18,25,13.4,1.2,14.7,17,78,851.9,45,
2025-11-19,26.2,13.4,1.3,20,12,77,851.2,83,
2025-11-20,26.2,15.6,6.2,14.6,4,78,852.2,86,
2025-11-21,25.1,15.1,16.1,14.3,19,84,852.5,100,
2025-11-22,23.8,15.9,0.1,9.2,89,80,853.1,93,
2025-11-23,25.8,14.4,0.2,16.4,21,69,853,95,
2025-11-24,25.8,15,0.4,12.1,42,68,853.5,70,
2025-11-25,25,13.9,6.4,13.7,39,76,852.9,71,
2025-11-26,26.4,15.4,0.8,14.3,71,69,852.3,77,
2025-11-27,25.5,14.2,4,9.9,35,67,851.8,51,
2025-11-28,26.5,14.1,0,9.8,78,64,851.9,82,
2025-11-29,26.5,15.6,0.2,18.4,50,63,850.6,65,
2025-11-30,26.5,16,1.3,17,30,69,850.5,99,
2025-12-01,26.9,15,1.7,13.5,42,68,850.8,81,
2025-12-02,26.7,17,1.6,15.7,47,66,850.6,81,
2025-12-03,29,14.5,0.2,15.3,22,57,850,94,
2025-12-04,28.5,14.6,0.1,14.3,36,57,851.4,81,
2025-12-05,25.2,15.1,5.2,11.5,11,74,852,82,
2025-12-06,24.5,13.8,0.7,15.5,39,74,852.3,75,
2025-12-07,25.2,14.4,1.2,19.8,38,74,852,60,
2025-12-08,26,13.9,0.3,11.9,16,71,852.1,78,
2025-12-09,26,14.9,0.6,14,355,76,852.6,81,
2025-12-10,25.6,13.9,1.1,14.4,21,75,852.4,58,
2025-12-11,26.6,13.9,1.3,17.4,27,69,852.2,50,
2025-12-12,22,14.4,2.8,15.4,14,79,852.4,77,
2025-12-13,25.1,14.1,0.1,10.1,27,72,852.6,80,
2025-12-14,25.1,14,3,17.5,38,76,851.9,70,
2025-12-15,25.9,14.2,6.1,16.4,26,80,850.7,91,
2025-12-16,25,14.7,0.4,13.9,4,75,850.7,77,
2025-12-17,24.4,14.3,2.5,15.4,347,83,851.5,88,
2025-12-18,25.4,14.8,15.5,13.5,73,79,853.1,70,
2025-12-19,23.9,15.9,1.1,13.7,41,76,853.1,88,
2025-12-20,25.1,14.8,1.3,13.9,22,74,851.1,97,
2025-12-21,26,13.9,1.2,13.4,36,73,850.7,76,
2025-12-22,25.9,14.6,4.8,12.6,302,78,851.2,72,
2025-12-23,24,15.8,9.6,11.5,314,85,851.9,76,
2025-12-24,25.7,13.3,1.4,13.4,26,77,851.5,83,
2025-12-25,25,15.4,2.1,12.7,17,74,852.3,81,
2025-12-26,26.9,14.4,0.1,11.1,30,74,852.1,90,
2025-12-27,28.7,15.6,4,14.1,1,69,851.4,80,
2025-12-28,19.8,16.2,4,6.8,197,90,853.1,100,
2025-12-29,23.5,15.8,24.7,10.7,215,90,854.4,100,
2025-12-30,23.1,15.6,0.3,11.6,22,80,855,100,
2025-12-31,25.1,15.1,9.8,9.8,351,81,853.6,97,
2026-01-01,24.6,13.4,0.6,9.8,29,79,852.5,56,
2026-01-02,26.1,13.5,0.8,9.4,44,74,852.4,75,
2026-01-03,27.2,14.6,0.1,11.7,12,69,852,65,
2026-01-04,25.3,16.1,2.7,11.3,302,74,852.2,97,
2026-01-05,26.9,13.9,3.6,11.2,6,75,853,60,
2026-01-06,25.9,15.4,1.5,6.6,238,78,853.2,83,
2026-01-07,27.1,15.8,4.1,8.7,295,77,853.2,75,
2026-01-08,26.7,16.5,1,12.5,229,77,853.2,98,
2026-01-09,27,16,8.7,11.1,15,73,853,94,
2026-01-10,26.1,15.2,0.5,12.5,138,73,852.8,85,
2026-01-11,23.4,16.1,2.6,13,192,81,853.1,95,
2026-01-12,26.1,14.6,7.3,11.8,14,75,852.9,91,
2026-01-13,24.6,16.1,3.5,17.5,35,79,852.8,64,
2026-01-14,27.1,13.8,0.1,14.8,36,69,851.5,65,
2026-01-15,29.8,14.1,0,16.8,44,57,850.9,55,
2026-01-16,31,13.9,0,13.2,24,51,851.8,97,
2026-01-17,29.1,14.7,0.1,14,41,54,852.4,100,
2026-01-18,28.8,15.8,0.6,11.8,74,57,851.6,69,
2026-01-19,26.8,15.2,1.1,14.1,49,67,851.4,78,
2026-01-20,23.9,14.4,12.8,11.6,354,81,851.4,93,
2026-01-21,26.4,13.2,1,11.7,85,76,851.2,94,
2026-01-22,25.3,14.8,0.7,13.8,337,78,851.7,78,
2026-01-23,27.5,13.1,0.1,13.1,45,65,852.6,57,
2026-01-24,29.4,12.9,0,10.1,39,58,852.9,66,
2026-01-25,30,14.2,0,14.4,92,54,853.1,74,
2026-01-26,29.4,16,4.7,13.7,350,63,853,37,
2026-01-27,26.8,15.9,2.6,16.5,344,69,853.6,94,
2026-01-28,24.6,15.9,14.2,14,318,80,854.3,100,
2026-01-29,26.4,16.3,0.1,9.5,149,78,854.2,92,
2026-01-30,27.4,15.9,0.5,7.9,355,72,852.7,92,
2026-01-31,28.2,14.7,2.7,18.4,356,78,852.5,89,
2026-02-01,23.6,14.8,0.7,16.9,31,83,853.8,100,
2026-02-02,24.5,16.4,20.2,7.9,352,84,854.2,100,
2026-02-03,25,14.9,2.7,8.5,34,84,853.7,84,
2026-02-04,26,13.4,0.5,8.9,84,79,851.7,92,
2026-02-05,25.9,14,0.7,13.3,346,79,851.8,92,
2026-02-06,26,14.9,7.5,14.6,333,80,853.6,93,
2026-02-07,26.2,15.5,9,17.5,223,83,854.5,98,
2026-02-08,26,14.3,3.7,11.2,325,79,853.1,69,
2026-02-09,21.1,14.3,3.5,7.1,345,89,853,98,
2026-02-10,24.9,14.9,2.8,17.2,57,83,853.5,88,
2026-02-11,25.4,13.9,1.7,13,315,81,854.3,48,
2026-02-12,25.9,14,1.5,15.6,337,84,854.1,33,
2026-02-13,25.8,12.8,0.5,8.9,8,75,851.8,46,
2026-02-14,23.5,14.2,6.4,15.7,10,84,852.3,82,
2026-02-15,24.1,13.2,0,8.7,106,79,853.5,82,
2026-02-16,26.2,15.1,6.9,9,320,79,853.5,97,
2026-02-17,26,16.2,10.2,13.2,297,85,852.6,79,
2026-02-18,25.4,14.1,10.3,9.2,339,83,851.5,55,
2026-02-19,21.5,14.4,8.2,10.1,94,87,853.1,96,
2026-02-20,24.6,15.9,3.2,12.4,102,83,853.4,89,
2026-02-21,26,15.5,4.3,16.1,337,84,852.6,84,
2026-02-22,24.5,15.1,6.1,7.9,298,86,851.9,100,
2026-02-23,22.9,16.2,6.7,12.9,314,90,851.4,85,
2026-02-24,24.5,16.6,4.9,9.7,318,84,851.8,95,
2026-02-25,25.4,15.1,14.9,10.3,296,85,852.2,88,
2026-02-26,23.9,15.4,7,8.7,246,87,852.2,95,
2026-02-27,25.6,15.1,2.4,11,318,79,850.9,94,
2026-02-28,24.1,16.5,8.6,7.6,195,84,850.8,93,
2026-03-01,22,16.2,6.2,10.2,265,89,852,99,
2026-03-02,23.7,15.5,1.6,9,133,85,852.6,90,
2026-03-03,24.6,14.8,5.8,11.1,104,81,851.9,97,
2026-03-04,23.5,15.6,9,9.7,358,86,852.6,100,
2026-03-05,22.3,16.4,11.1,5,300,88,853.3,97,
2026-03-06,23.9,15.2,8.3,9.5,269,87,852.7,77,
2026-03-07,24,15.1,7.4,8.4,58,87,852.5,91,
2026-03-08,24.6,14.9,11,9.6,323,84,851.8,85,
2026-03-09,25,15.9,3.3,7.5,331,85,851.3,88,
2026-03-10,24.2,15.8,5.9,14.5,42,85,852.5,99,
2026-03-11,25.6,14.1,0.7,9.9,352,82,852.8,90,
2026-03-12,25.2,15.1,4.7,8.4,325,84,852.3,99,
2026-03-13,26.5,14.6,6.1,9.7,339,80,850.9,96,
2026-03-14,26,15,5.1,17,322,85,850.6,96,
2026-03-15,26.5,15.8,1.1,7.8,352,80,851.1,74,
2026-03-16,27,14.8,1.2,8.8,139,77,851.7,90,
2026-03-17,28,14.8,0.4,6.2,323,74,850.8,95,
2026-03-18,25,15.9,0.8,7.8,295,79,851.6,100,
2026-03-19,20.1,16.1,3.2,7.9,264,87,852.4,100,
2026-03-20,23.4,14.1,0.1,8.2,309,85,851.4,98,
2026-03-21,19.4,16.1,7.8,7.1,249,92,851.5,100,
2026-03-22,24.7,15.5,10.8,7.1,291,83,851.1,95,
2026-03-23,23.8,16.2,16.9,10.2,88,83,851.7,91,
2026-03-24,22.9,15.3,14.6,10.6,261,89,851.4,97,
2026-03-25,22.6,15.1,8.5,6.8,241,90,851.4,99,
2026-03-26,24.9,14.9,0.7,8.9,60,82,852.2,96,
2026-03-27,24.1,15.6,0.5,10,126,84,853.4,81,
2026-03-28,24.2,14.4,3.4,9.6,29,86,852.7,69,
2026-03-29,24.9,13.9,0.6,8.6,65,80,850.7,50,
2026-03-30,25.2,14.6,2.8,9.7,13,80,850.6,87,
2026-03-31,25.1,15.1,2.6,10.2,298,81,851.2,94,
2026-04-01,25.5,15.1,0.8,10.5,356,82,851.9,70,
2026-04-02,25.6,15.5,0.4,8.3,65,75,852.2,92,
2026-04-03,26.5,15.1,0.1,9.6,57,69,852.1,90,
2026-04-04,25.5,14.5,1.1,9.9,335,73,852.1,81,
2026-04-05,25,15.4,6,12.2,310,79,853.4,93,
2026-04-06,24.8,15.4,0.6,5.8,282,77,854.4,84,
2026-04-07,24.2,15.6,2.7,15.7,53,78,854.7,80,
2026-04-08,24.9,14.2,1.8,10.7,136,78,853.9,70,
2026-04-09,25.1,15.7,10.1,10.8,140,78,853.4,76,
2026-04-10,25.5,15.6,1.3,10.7,204,75,853.4,84,
2026-04-11,26,15.6,1.3,11.7,209,73,853.2,96,
2026-04-12,25.5,15.4,9.1,9.1,323,82,852.2,76,
2026-04-13,23.4,14.6,7.1,11.7,51,88,851.4,86,
2026-04-14,24.5,14.1,12.9,11.3,281,88,851.2,97,
2026-04-15,24.5,15.2,4.1,10.9,74,80,851.4,99,
2026-04-16,24.5,14.9,1,10.5,285,83,850.8,97,
2026-04-17,23.5,14.1,5.4,10.8,41,86,850.8,92,
2026-04-18,22.9,15.1,0.8,11.7,75,83,851.4,74,
2026-04-19,25.2,15.1,0.6,13.2,126,82,850.8,88,
2026-04-20,25.6,15.6,1.3,11.2,70,83,851,90,
2026-04-21,23.6,15.9,11.7,10.1,204,85,851.6,75,
2026-04-22,25.4,15.1,1,9.7,189,80,850.8,64,
2026-04-23,25.2,15.6,3.4,15.5,184,82,851.2,100,
2026-04-24,24.1,14.8,0.6,9.1,204,78,850.9,100,
2026-04-25,23.9,16.6,0.1,11.7,178,73,852.1,99,
2026-04-26,24.4,15.8,2.1,8.3,237,82,853.3,97,
2026-04-27,23.2,16.4,18.8,8.9,148,86,853.4,94,
2026-04-28,22.8,16,20.5,7,239,88,852.8,100,
2026-04-29,25,16.5,5,8.7,55,84,852.9,96,
2026-04-30,24.6,16.6,9.1,8.7,163,84,853.5,62,
2026-05-01,22.8,16,13.3,8.7,169,91,853.8,89,
2026-05-02,23.3,15.9,8.4,11.7,208,87,854,82,
2026-05-03,24.2,15.4,6.9,9.5,271,88,854.7,89,
2026-05-04,23.6,15.2,10.8,10.7,31,87,853.6,84,
2026-05-05,24.4,15.4,2.9,11.7,267,83,852.8,90,
2026-05-06,24.6,15.2,0.3,8.6,236,84,852.4,95,
2026-05-07,24.6,16,11.6,7.4,225,87,852.3,88,
2026-05-08,24.6,15.6,6.3,10.1,226,85,852.6,80,
2026-05-09,24,15.6,7.1,12.2,275,88,852.7,96,
2026-05-10,24.2,15.2,1.1,10.8,76,80,853.2,84,
2026-05-11,25,15.2,0,7.9,319,75,854.1,77,
2026-05-12,25.2,14.8,0,7.5,297,71,854,45,
2026-05-13,26,14.4,0,7.7,228,67,853.2,47,
2026-05-14,25.6,15.4,0,7,167,71,853.6,86,
2026-05-15,26,15.9,2.3,11.4,142,76,853.1,70,
2026-05-16,25.9,15.2,0.6,11,196,67,853.6,73,
2026-05-17,25.9,15.9,0.1,12.6,201,65,854.4,86,
2026-05-18,26.2,16.2,0.5,10,170,63,854.7,48,
2026-05-19,26.5,16.5,1.6,8.9,226,67,854.6,36,
2026-05-20,25.5,16.1,5.8,10.8,259,81,854.9,61,
2026-05-21,24.7,16.6,5.9,8.3,290,83,855.3,49,
2026-05-22,25.4,14.9,2.9,12.7,299,81,855,83,
2026-05-23,24,15.1,2.5,18,352,84,855.3,91,
2026-05-24,25,15.1,1.6,10.5,146,75,855.2,22,
2026-05-25,24.9,15,0,12.9,163,70,855,69,
2026-05-26,24.3,14.6,0,11.2,203,69,854.7,85,
2026-05-27,24.8,14.6,0,10.8,234,70,854.7,70,
2026-05-28,24.9,15.2,0,12,169,68,855.6,72,
2026-05-29,24.5,15.1,0,11.6,203,70,855.7,71,
2026-05-30,24.2,15.4,0,11.4,211,71,855.1,82,
2026-05-31,25,15.9,2.2,11.8,168,70,854.6,80,
2026-06-01,24.5,16.7,1.8,13.5,162,70,855,80,
2026-06-02,23.8,17.4,1.1,10.2,189,71,856.1,81,
2026-06-03,24.7,17.2,0.1,10.2,181,72,855.6,78,
2026-06-04,26,15.6,0.2,8.5,160,68,854.5,44,
2026-06-05,26,16.5,0.8,9.5,175,73,854.3,94,
2026-06-06,24.3,16.3,1,8.9,273,81,855.4,97,
2026-06-07,26.2,16.4,0.9,9,118,74,856.2,63,
2026-06-08,26.1,16.1,1.2,10.5,154,69,855.7,67,
2026-06-09,26,16.4,0.1,9.5,213,69,855,84,
2026-06-10,25.8,15.9,0.4,9.8,167,68,854.2,88,
2026-06-11,25.5,15.4,0.2,10.1,170,67,854.6,74,
2026-06-12,26.1,16.1,0,11.2,178,65,855,87,
2026-06-13,25.8,15.2,0,10.7,197,64,855.5,71,
2026-06-14,25,15.2,0,11,239,65,855.4,88,
2026-06-15,25,15.3,0,12.3,195,63,855.4,93,
2026-06-16,26,15.4,0,11.4,170,57,856.8,84,
2026-06-17,25.2,15.6,0,11.9,240,56,856.5,59,
