date,sunrise,sunset,moon_phase
2025-01-01,2025-01-01 03:56:32.833195+00:00,2025-01-01 16:10:14.398345+00:00,Last Quarter
2025-01-02,2025-01-02 03:57:01.849724+00:00,2025-01-02 16:10:41.246449+00:00,Last Quarter
2025-01-03,2025-01-03 03:57:30.603082+00:00,2025-01-03 16:11:07.651520+00:00,Last Quarter
2025-01-04,2025-01-04 03:57:59.062840+00:00,2025-01-04 16:11:33.585496+00:00,Last Quarter
2025-01-05,2025-01-05 03:58:27.199149+00:00,2025-01-05 16:11:59.021058+00:00,Last Quarter
2025-01-06,2025-01-06 03:58:54.982790+00:00,2025-01-06 16:12:23.931670+00:00,New Moon
2025-01-07,2025-01-07 03:59:22.385217+00:00,2025-01-07 16:12:48.291620+00:00,Waxing Crescent
2025-01-08,2025-01-08 03:59:49.378606+00:00,2025-01-08 16:13:12.076052+00:00,Waxing Crescent
2025-01-09,2025-01-09 04:00:15.935889+00:00,2025-01-09 16:13:35.261004+00:00,Waxing Crescent
2025-01-10,2025-01-10 04:00:42.030804+00:00,2025-01-10 16:13:57.823439+00:00,Waxing Crescent
2025-01-11,2025-01-11 04:01:07.637924+00:00,2025-01-11 16:14:19.741273+00:00,Waxing Crescent
2025-01-12,2025-01-12 04:01:32.732700+00:00,2025-01-12 16:14:40.993404+00:00,Waxing Crescent
2025-01-13,2025-01-13 04:01:57.291492+00:00,2025-01-13 16:15:01.559738+00:00,Waxing gibbous
2025-01-14,2025-01-14 04:02:21.291601+00:00,2025-01-14 16:15:21.421209+00:00,Waxing gibbous
2025-01-15,2025-01-15 04:02:44.711298+00:00,2025-01-15 16:15:40.559803+00:00,Waxing gibbous
2025-01-16,2025-01-16 04:03:07.529852+00:00,2025-01-16 16:15:58.958574+00:00,Waxing gibbous
2025-01-17,2025-01-17 04:03:29.727553+00:00,2025-01-17 16:16:16.601660+00:00,Waxing gibbous
2025-01-18,2025-01-18 04:03:51.285734+00:00,2025-01-18 16:16:33.474297+00:00,Waxing gibbous
2025-01-19,2025-01-19 04:04:12.186792+00:00,2025-01-19 16:16:49.562829+00:00,Waxing gibbous
2025-01-20,2025-01-20 04:04:32.414205+00:00,2025-01-20 16:17:04.854716+00:00,Waning Gibbous
2025-01-21,2025-01-21 04:04:51.952543+00:00,2025-01-21 16:17:19.338545+00:00,Waning Gibbous
2025-01-22,2025-01-22 04:05:10.787485+00:00,2025-01-22 16:17:33.004027+00:00,Waning Gibbous
2025-01-23,2025-01-23 04:05:28.905825+00:00,2025-01-23 16:17:45.842005+00:00,Waning Gibbous
2025-01-24,2025-01-24 04:05:46.295479+00:00,2025-01-24 16:17:57.844447+00:00,Waning Gibbous
2025-01-25,2025-01-25 04:06:02.945491+00:00,2025-01-25 16:18:09.004450+00:00,Waning Gibbous
2025-01-26,2025-01-26 04:06:18.846034+00:00,2025-01-26 16:18:19.316230+00:00,Waning Gibbous
2025-01-27,2025-01-27 04:06:33.988411+00:00,2025-01-27 16:18:28.775119+00:00,Waning Gibbous
2025-01-28,2025-01-28 04:06:48.365050+00:00,2025-01-28 16:18:37.377551+00:00,Last Quarter
2025-01-29,2025-01-29 04:07:01.969501+00:00,2025-01-29 16:18:45.121057+00:00,Last Quarter
2025-01-30,2025-01-30 04:07:14.796427+00:00,2025-01-30 16:18:52.004248+00:00,Last Quarter
2025-01-31,2025-01-31 04:07:26.841597+00:00,2025-01-31 16:18:58.026800+00:00,Last Quarter
2025-02-01,2025-02-01 04:07:38.101874+00:00,2025-02-01 16:19:03.189442+00:00,Last Quarter
2025-02-02,2025-02-02 04:07:48.575199+00:00,2025-02-02 16:19:07.493933+00:00,Last Quarter
2025-02-03,2025-02-03 04:07:58.260579+00:00,2025-02-03 16:19:10.943045+00:00,Last Quarter
2025-02-04,2025-02-04 04:08:07.158069+00:00,2025-02-04 16:19:13.540544+00:00,New Moon
2025-02-05,2025-02-05 04:08:15.268754+00:00,2025-02-05 16:19:15.291163+00:00,Waxing Crescent
2025-02-06,2025-02-06 04:08:22.594726+00:00,2025-02-06 16:19:16.200580+00:00,Waxing Crescent
2025-02-07,2025-02-07 04:08:29.139064+00:00,2025-02-07 16:19:16.275397+00:00,Waxing Crescent
2025-02-08,2025-02-08 04:08:34.905812+00:00,2025-02-08 16:19:15.523110+00:00,Waxing Crescent
2025-02-09,2025-02-09 04:08:39.899954+00:00,2025-02-09 16:19:13.952082+00:00,Waxing Crescent
2025-02-10,2025-02-10 04:08:44.127386+00:00,2025-02-10 16:19:11.571519+00:00,Waxing Crescent
2025-02-11,2025-02-11 04:08:47.594892+00:00,2025-02-11 16:19:08.391438+00:00,Waxing gibbous
2025-02-12,2025-02-12 04:08:50.310114+00:00,2025-02-12 16:19:04.422640+00:00,Waxing gibbous
2025-02-13,2025-02-13 04:08:52.281527+00:00,2025-02-13 16:18:59.676681+00:00,Waxing gibbous
2025-02-14,2025-02-14 04:08:53.518407+00:00,2025-02-14 16:18:54.165838+00:00,Waxing gibbous
2025-02-15,2025-02-15 04:08:54.030803+00:00,2025-02-15 16:18:47.903085+00:00,Waxing gibbous
2025-02-16,2025-02-16 04:08:53.829503+00:00,2025-02-16 16:18:40.902057+00:00,Waxing gibbous
2025-02-17,2025-02-17 04:08:52.926010+00:00,2025-02-17 16:18:33.177021+00:00,Waxing gibbous
2025-02-18,2025-02-18 04:08:51.332505+00:00,2025-02-18 16:18:24.742847+00:00,Waning Gibbous
2025-02-19,2025-02-19 04:08:49.061819+00:00,2025-02-19 16:18:15.614972+00:00,Waning Gibbous
2025-02-20,2025-02-20 04:08:46.127399+00:00,2025-02-20 16:18:05.809377+00:00,Waning Gibbous
2025-02-21,2025-02-21 04:08:42.543283+00:00,2025-02-21 16:17:55.342550+00:00,Waning Gibbous
2025-02-22,2025-02-22 04:08:38.324061+00:00,2025-02-22 16:17:44.231458+00:00,Waning Gibbous
2025-02-23,2025-02-23 04:08:33.484849+00:00,2025-02-23 16:17:32.493520+00:00,Waning Gibbous
2025-02-24,2025-02-24 04:08:28.041259+00:00,2025-02-24 16:17:20.146570+00:00,Waning Gibbous
2025-02-25,2025-02-25 04:08:22.009365+00:00,2025-02-25 16:17:07.208839+00:00,Waning Gibbous
2025-02-26,2025-02-26 04:08:15.405676+00:00,2025-02-26 16:16:53.698915+00:00,Last Quarter
2025-02-27,2025-02-27 04:08:08.247107+00:00,2025-02-27 16:16:39.635723+00:00,Last Quarter
2025-02-28,2025-02-28 04:08:00.550947+00:00,2025-02-28 16:16:25.038498+00:00,Last Quarter
2025-03-01,2025-03-01 04:07:52.334836+00:00,2025-03-01 16:16:09.926753+00:00,Last Quarter
2025-03-02,2025-03-02 04:07:43.616731+00:00,2025-03-02 16:15:54.320257+00:00,Last Quarter
2025-03-03,2025-03-03 04:07:34.414887+00:00,2025-03-03 16:15:38.239010+00:00,Last Quarter
2025-03-04,2025-03-04 04:07:24.747823+00:00,2025-03-04 16:15:21.703221+00:00,Last Quarter
2025-03-05,2025-03-05 04:07:14.634304+00:00,2025-03-05 16:15:04.733278+00:00,Last Quarter
2025-03-06,2025-03-06 04:07:04.093309+00:00,2025-03-06 16:14:47.349733+00:00,New Moon
2025-03-07,2025-03-07 04:06:53.144016+00:00,2025-03-07 16:14:29.573277+00:00,Waxing Crescent
2025-03-08,2025-03-08 04:06:41.805772+00:00,2025-03-08 16:14:11.424719+00:00,Waxing Crescent
2025-03-09,2025-03-09 04:06:30.098073+00:00,2025-03-09 16:13:52.924966+00:00,Waxing Crescent
2025-03-10,2025-03-10 04:06:18.040546+00:00,2025-03-10 16:13:34.095008+00:00,Waxing Crescent
2025-03-11,2025-03-11 04:06:05.652926+00:00,2025-03-11 16:13:14.955894+00:00,Waxing Crescent
2025-03-12,2025-03-12 04:05:52.955035+00:00,2025-03-12 16:12:55.528718+00:00,Waxing Crescent
2025-03-13,2025-03-13 04:05:39.966767+00:00,2025-03-13 16:12:35.834603+00:00,Waxing gibbous
2025-03-14,2025-03-14 04:05:26.708070+00:00,2025-03-14 16:12:15.894685+00:00,Waxing gibbous
2025-03-15,2025-03-15 04:05:13.198925+00:00,2025-03-15 16:11:55.730096+00:00,Waxing gibbous
2025-03-16,2025-03-16 04:04:59.459335+00:00,2025-03-16 16:11:35.361953+00:00,Waxing gibbous
2025-03-17,2025-03-17 04:04:45.509304+00:00,2025-03-17 16:11:14.811343+00:00,Waxing gibbous
2025-03-18,2025-03-18 04:04:31.368830+00:00,2025-03-18 16:10:54.099310+00:00,Waxing gibbous
2025-03-19,2025-03-19 04:04:17.057881+00:00,2025-03-19 16:10:33.246842+00:00,Waxing gibbous
2025-03-20,2025-03-20 04:04:02.596390+00:00,2025-03-20 16:10:12.274863+00:00,Waning Gibbous
2025-03-21,2025-03-21 04:03:48.004239+00:00,2025-03-21 16:09:51.204219+00:00,Waning Gibbous
2025-03-22,2025-03-22 04:03:33.301242+00:00,2025-03-22 16:09:30.055666+00:00,Waning Gibbous
2025-03-23,2025-03-23 04:03:18.507143+00:00,2025-03-23 16:09:08.849866+00:00,Waning Gibbous
2025-03-24,2025-03-24 04:03:03.641595+00:00,2025-03-24 16:08:47.607368+00:00,Waning Gibbous
2025-03-25,2025-03-25 04:02:48.724153+00:00,2025-03-25 16:08:26.348607+00:00,Waning Gibbous
2025-03-26,2025-03-26 04:02:33.774264+00:00,2025-03-26 16:08:05.093892+00:00,Waning Gibbous
2025-03-27,2025-03-27 04:02:18.811253+00:00,2025-03-27 16:07:43.863393+00:00,Waning Gibbous
2025-03-28,2025-03-28 04:02:03.854317+00:00,2025-03-28 16:07:22.677139+00:00,Last Quarter
2025-03-29,2025-03-29 04:01:48.922510+00:00,2025-03-29 16:07:01.555004+00:00,Last Quarter
2025-03-30,2025-03-30 04:01:34.034737+00:00,2025-03-30 16:06:40.516701+00:00,Last Quarter
2025-03-31,2025-03-31 04:01:19.209740+00:00,2025-03-31 16:06:19.581770+00:00,Last Quarter
2025-04-01,2025-04-01 04:01:04.466092+00:00,2025-04-01 16:05:58.769573+00:00,Last Quarter
2025-04-02,2025-04-02 04:00:49.822184+00:00,2025-04-02 16:05:38.099284+00:00,Last Quarter
2025-04-03,2025-04-03 04:00:35.296213+00:00,2025-04-03 16:05:17.589879+00:00,Last Quarter
2025-04-04,2025-04-04 04:00:20.906177+00:00,2025-04-04 16:04:57.260125+00:00,Last Quarter
2025-04-05,2025-04-05 04:00:06.669859+00:00,2025-04-05 16:04:37.128574+00:00,New Moon
2025-04-06,2025-04-06 03:59:52.604818+00:00,2025-04-06 16:04:17.213551+00:00,Waxing Crescent
2025-04-07,2025-04-07 03:59:38.728378+00:00,2025-04-07 16:03:57.533144+00:00,Waxing Crescent
2025-04-08,2025-04-08 03:59:25.057617+00:00,2025-04-08 16:03:38.105193+00:00,Waxing Crescent
2025-04-09,2025-04-09 03:59:11.609354+00:00,2025-04-09 16:03:18.947279+00:00,Waxing Crescent
2025-04-10,2025-04-10 03:58:58.400136+00:00,2025-04-10 16:03:00.076715+00:00,Waxing Crescent
2025-04-11,2025-04-11 03:58:45.446228+00:00,2025-04-11 16:02:41.510530+00:00,Waxing Crescent
2025-04-12,2025-04-12 03:58:32.763596+00:00,2025-04-12 16:02:23.265458+00:00,Waxing gibbous
2025-04-13,2025-04-13 03:58:20.367899+00:00,2025-04-13 16:02:05.357928+00:00,Waxing gibbous
2025-04-14,2025-04-14 03:58:08.274470+00:00,2025-04-14 16:01:47.804048+00:00,Waxing gibbous
2025-04-15,2025-04-15 03:57:56.498302+00:00,2025-04-15 16:01:30.619589+00:00,Waxing gibbous
2025-04-16,2025-04-16 03:57:45.054038+00:00,2025-04-16 16:01:13.819977+00:00,Waxing gibbous
2025-04-17,2025-04-17 03:57:33.955951+00:00,2025-04-17 16:00:57.420272+00:00,Waxing gibbous
2025-04-18,2025-04-18 03:57:23.217929+00:00,2025-04-18 16:00:41.435157+00:00,Waxing gibbous
2025-04-19,2025-04-19 03:57:12.853462+00:00,2025-04-19 16:00:25.878919+00:00,Waning Gibbous
2025-04-20,2025-04-20 03:57:02.875621+00:00,2025-04-20 16:00:10.765437+00:00,Waning Gibbous
2025-04-21,2025-04-21 03:56:53.297046+00:00,2025-04-21 15:59:56.108161+00:00,Waning Gibbous
2025-04-22,2025-04-22 03:56:44.129926+00:00,2025-04-22 15:59:41.920099+00:00,Waning Gibbous
2025-04-23,2025-04-23 03:56:35.385983+00:00,2025-04-23 15:59:28.213797+00:00,Waning Gibbous
2025-04-24,2025-04-24 03:56:27.076453+00:00,2025-04-24 15:59:15.001323+00:00,Waning Gibbous
2025-04-25,2025-04-25 03:56:19.212069+00:00,2025-04-25 15:59:02.294251+00:00,Waning Gibbous
2025-04-26,2025-04-26 03:56:11.803046+00:00,2025-04-26 15:58:50.103640+00:00,Waning Gibbous
2025-04-27,2025-04-27 03:56:04.859057+00:00,2025-04-27 15:58:38.440016+00:00,Last Quarter
2025-04-28,2025-04-28 03:55:58.389220+00:00,2025-04-28 15:58:27.313357+00:00,Last Quarter
2025-04-29,2025-04-29 03:55:52.402080+00:00,2025-04-29 15:58:16.733075+00:00,Last Quarter
2025-04-30,2025-04-30 03:55:46.905587+00:00,2025-04-30 15:58:06.707992+00:00,Last Quarter
2025-05-01,2025-05-01 03:55:41.907082+00:00,2025-05-01 15:57:57.246331+00:00,Last Quarter
2025-05-02,2025-05-02 03:55:37.413280+00:00,2025-05-02 15:57:48.355692+00:00,Last Quarter
2025-05-03,2025-05-03 03:55:33.430250+00:00,2025-05-03 15:57:40.043035+00:00,Last Quarter
2025-05-04,2025-05-04 03:55:29.963401+00:00,2025-05-04 15:57:32.314665+00:00,New Moon
2025-05-05,2025-05-05 03:55:27.017462+00:00,2025-05-05 15:57:25.176218+00:00,Waxing Crescent
2025-05-06,2025-05-06 03:55:24.596471+00:00,2025-05-06 15:57:18.632636+00:00,Waxing Crescent
2025-05-07,2025-05-07 03:55:22.703758+00:00,2025-05-07 15:57:12.688161+00:00,Waxing Crescent
2025-05-08,2025-05-08 03:55:21.341928+00:00,2025-05-08 15:57:07.346314+00:00,Waxing Crescent
2025-05-09,2025-05-09 03:55:20.512851+00:00,2025-05-09 15:57:02.609882+00:00,Waxing Crescent
2025-05-10,2025-05-10 03:55:20.217647+00:00,2025-05-10 15:56:58.480908+00:00,Waxing Crescent
2025-05-11,2025-05-11 03:55:20.456675+00:00,2025-05-11 15:56:54.960671+00:00,Waxing gibbous
2025-05-12,2025-05-12 03:55:21.229522+00:00,2025-05-12 15:56:52.049684+00:00,Waxing gibbous
2025-05-13,2025-05-13 03:55:22.534994+00:00,2025-05-13 15:56:49.747674+00:00,Waxing gibbous
2025-05-14,2025-05-14 03:55:24.371103+00:00,2025-05-14 15:56:48.053578+00:00,Waxing gibbous
2025-05-15,2025-05-15 03:55:26.735067+00:00,2025-05-15 15:56:46.965535+00:00,Waxing gibbous
2025-05-16,2025-05-16 03:55:29.623296+00:00,2025-05-16 15:56:46.480873+00:00,Waxing gibbous
2025-05-17,2025-05-17 03:55:33.031394+00:00,2025-05-17 15:56:46.596111+00:00,Waxing gibbous
2025-05-18,2025-05-18 03:55:36.954148+00:00,2025-05-18 15:56:47.306950+00:00,Waning Gibbous
2025-05-19,2025-05-19 03:55:41.385536+00:00,2025-05-19 15:56:48.608268+00:00,Waning Gibbous
2025-05-20,2025-05-20 03:55:46.318714+00:00,2025-05-20 15:56:50.494123+00:00,Waning Gibbous
2025-05-21,2025-05-21 03:55:51.746030+00:00,2025-05-21 15:56:52.957751+00:00,Waning Gibbous
2025-05-22,2025-05-22 03:55:57.659016+00:00,2025-05-22 15:56:55.991566+00:00,Waning Gibbous
2025-05-23,2025-05-23 03:56:04.048399+00:00,2025-05-23 15:56:59.587164+00:00,Waning Gibbous
2025-05-24,2025-05-24 03:56:10.904102+00:00,2025-05-24 15:57:03.735328+00:00,Waning Gibbous
2025-05-25,2025-05-25 03:56:18.215258+00:00,2025-05-25 15:57:08.426034+00:00,Waning Gibbous
2025-05-26,2025-05-26 03:56:25.970210+00:00,2025-05-26 15:57:13.648459+00:00,Last Quarter
2025-05-27,2025-05-27 03:56:34.156533+00:00,2025-05-27 15:57:19.390988+00:00,Last Quarter
2025-05-28,2025-05-28 03:56:42.761037+00:00,2025-05-28 15:57:25.641233+00:00,Last Quarter
2025-05-29,2025-05-29 03:56:51.769788+00:00,2025-05-29 15:57:32.386035+00:00,Last Quarter
2025-05-30,2025-05-30 03:57:01.168119+00:00,2025-05-30 15:57:39.611489+00:00,Last Quarter
2025-05-31,2025-05-31 03:57:10.940654+00:00,2025-05-31 15:57:47.302953+00:00,Last Quarter
2025-06-01,2025-06-01 03:57:21.071321+00:00,2025-06-01 15:57:55.445070+00:00,Last Quarter
2025-06-02,2025-06-02 03:57:31.543378+00:00,2025-06-02 15:58:04.021789+00:00,Last Quarter
2025-06-03,2025-06-03 03:57:42.339436+00:00,2025-06-03 15:58:13.016382+00:00,New Moon
2025-06-04,2025-06-04 03:57:53.441477+00:00,2025-06-04 15:58:22.411471+00:00,Waxing Crescent
2025-06-05,2025-06-05 03:58:04.830889+00:00,2025-06-05 15:58:32.189049+00:00,Waxing Crescent
2025-06-06,2025-06-06 03:58:16.488487+00:00,2025-06-06 15:58:42.330511+00:00,Waxing Crescent
2025-06-07,2025-06-07 03:58:28.394545+00:00,2025-06-07 15:58:52.816678+00:00,Waxing Crescent
2025-06-08,2025-06-08 03:58:40.528826+00:00,2025-06-08 15:59:03.627827+00:00,Waxing Crescent
2025-06-09,2025-06-09 03:58:52.870612+00:00,2025-06-09 15:59:14.743722+00:00,Waxing Crescent
2025-06-10,2025-06-10 03:59:05.398739+00:00,2025-06-10 15:59:26.143647+00:00,Waxing gibbous
2025-06-11,2025-06-11 03:59:18.091629+00:00,2025-06-11 15:59:37.806434+00:00,Waxing gibbous
2025-06-12,2025-06-12 03:59:30.927329+00:00,2025-06-12 15:59:49.710504+00:00,Waxing gibbous
2025-06-13,2025-06-13 03:59:43.883541+00:00,2025-06-13 16:00:01.833899+00:00,Waxing gibbous
2025-06-14,2025-06-14 03:59:56.937666+00:00,2025-06-14 16:00:14.154316+00:00,Waxing gibbous
2025-06-15,2025-06-15 04:00:10.066837+00:00,2025-06-15 16:00:26.649148+00:00,Waxing gibbous
2025-06-16,2025-06-16 04:00:23.247958+00:00,2025-06-16 16:00:39.295521+00:00,Waxing gibbous
2025-06-17,2025-06-17 04:00:36.457746+00:00,2025-06-17 16:00:52.070331+00:00,Waning Gibbous
2025-06-18,2025-06-18 04:00:49.672770+00:00,2025-06-18 16:01:04.950287+00:00,Waning Gibbous
2025-06-19,2025-06-19 04:01:02.869489+00:00,2025-06-19 16:01:17.911945+00:00,Waning Gibbous
2025-06-20,2025-06-20 04:01:16.024294+00:00,2025-06-20 16:01:30.931754+00:00,Waning Gibbous
2025-06-21,2025-06-21 04:01:29.113549+00:00,2025-06-21 16:01:43.986094+00:00,Waning Gibbous
2025-06-22,2025-06-22 04:01:42.113632+00:00,2025-06-22 16:01:57.051316+00:00,Waning Gibbous
2025-06-23,2025-06-23 04:01:55.000974+00:00,2025-06-23 16:02:10.103786+00:00,Waning Gibbous
2025-06-24,2025-06-24 04:02:07.752103+00:00,2025-06-24 16:02:23.119920+00:00,Waning Gibbous
2025-06-25,2025-06-25 04:02:20.343680+00:00,2025-06-25 16:02:36.076234+00:00,Last Quarter
2025-06-26,2025-06-26 04:02:32.752542+00:00,2025-06-26 16:02:48.949372+00:00,Last Quarter
2025-06-27,2025-06-27 04:02:44.955743+00:00,2025-06-27 16:03:01.716160+00:00,Last Quarter
2025-06-28,2025-06-28 04:02:56.930588+00:00,2025-06-28 16:03:14.353632+00:00,Last Quarter
2025-06-29,2025-06-29 04:03:08.654678+00:00,2025-06-29 16:03:26.839082+00:00,Last Quarter
2025-06-30,2025-06-30 04:03:20.105942+00:00,2025-06-30 16:03:39.150092+00:00,Last Quarter
2025-07-01,2025-07-01 04:03:31.262677+00:00,2025-07-01 16:03:51.264575+00:00,Last Quarter
2025-07-02,2025-07-02 04:03:42.103584+00:00,2025-07-02 16:04:03.160811+00:00,New Moon
2025-07-03,2025-07-03 04:03:52.607800+00:00,2025-07-03 16:04:14.817482+00:00,Waxing Crescent
2025-07-04,2025-07-04 04:04:02.754935+00:00,2025-07-04 16:04:26.213710+00:00,Waxing Crescent
2025-07-05,2025-07-05 04:04:12.525105+00:00,2025-07-05 16:04:37.329085+00:00,Waxing Crescent
2025-07-06,2025-07-06 04:04:21.898957+00:00,2025-07-06 16:04:48.143701+00:00,Waxing Crescent
2025-07-07,2025-07-07 04:04:30.857710+00:00,2025-07-07 16:04:58.638189+00:00,Waxing Crescent
2025-07-08,2025-07-08 04:04:39.383171+00:00,2025-07-08 16:05:08.793742+00:00,Waxing Crescent
2025-07-09,2025-07-09 04:04:47.457772+00:00,2025-07-09 16:05:18.592149+00:00,Waxing gibbous
2025-07-10,2025-07-10 04:04:55.064592+00:00,2025-07-10 16:05:28.015815+00:00,Waxing gibbous
2025-07-11,2025-07-11 04:05:02.187379+00:00,2025-07-11 16:05:37.047794+00:00,Waxing gibbous
2025-07-12,2025-07-12 04:05:08.810574+00:00,2025-07-12 16:05:45.671807+00:00,Waxing gibbous
2025-07-13,2025-07-13 04:05:14.919333+00:00,2025-07-13 16:05:53.872267+00:00,Waxing gibbous
2025-07-14,2025-07-14 04:05:20.499545+00:00,2025-07-14 16:06:01.634297+00:00,Waxing gibbous
2025-07-15,2025-07-15 04:05:25.537848+00:00,2025-07-15 16:06:08.943753+00:00,Waxing gibbous
2025-07-16,2025-07-16 04:05:30.021646+00:00,2025-07-16 16:06:15.787235+00:00,Waning Gibbous
2025-07-17,2025-07-17 04:05:33.939124+00:00,2025-07-17 16:06:22.152108+00:00,Waning Gibbous
2025-07-18,2025-07-18 04:05:37.279257+00:00,2025-07-18 16:06:28.026512+00:00,Waning Gibbous
2025-07-19,2025-07-19 04:05:40.031822+00:00,2025-07-19 16:06:33.399373+00:00,Waning Gibbous
2025-07-20,2025-07-20 04:05:42.187407+00:00,2025-07-20 16:06:38.260418+00:00,Waning Gibbous
2025-07-21,2025-07-21 04:05:43.737416+00:00,2025-07-21 16:06:42.600177+00:00,Waning Gibbous
2025-07-22,2025-07-22 04:05:44.674077+00:00,2025-07-22 16:06:46.409992+00:00,Waning Gibbous
2025-07-23,2025-07-23 04:05:44.990443+00:00,2025-07-23 16:06:49.682023+00:00,Waning Gibbous
2025-07-24,2025-07-24 04:05:44.680395+00:00,2025-07-24 16:06:52.409248+00:00,Last Quarter
2025-07-25,2025-07-25 04:05:43.738641+00:00,2025-07-25 16:06:54.585467+00:00,Last Quarter
2025-07-26,2025-07-26 04:05:42.160715+00:00,2025-07-26 16:06:56.205302+00:00,Last Quarter
2025-07-27,2025-07-27 04:05:39.942976+00:00,2025-07-27 16:06:57.264191+00:00,Last Quarter
2025-07-28,2025-07-28 04:05:37.082600+00:00,2025-07-28 16:06:57.758390+00:00,Last Quarter
2025-07-29,2025-07-29 04:05:33.577576+00:00,2025-07-29 16:06:57.684962+00:00,Last Quarter
2025-07-30,2025-07-30 04:05:29.426699+00:00,2025-07-30 16:06:57.041779+00:00,Last Quarter
2025-07-31,2025-07-31 04:05:24.629563+00:00,2025-07-31 16:06:55.827504+00:00,Last Quarter
2025-08-01,2025-08-01 04:05:19.186544+00:00,2025-08-01 16:06:54.041593+00:00,New Moon
2025-08-02,2025-08-02 04:05:13.098800+00:00,2025-08-02 16:06:51.684274+00:00,Waxing Crescent
2025-08-03,2025-08-03 04:05:06.368249+00:00,2025-08-03 16:06:48.756543+00:00,Waxing Crescent
2025-08-04,2025-08-04 04:04:58.997561+00:00,2025-08-04 16:06:45.260152+00:00,Waxing Crescent
2025-08-05,2025-08-05 04:04:50.990143+00:00,2025-08-05 16:06:41.197588+00:00,Waxing Crescent
2025-08-06,2025-08-06 04:04:42.350124+00:00,2025-08-06 16:06:36.572069+00:00,Waxing Crescent
2025-08-07,2025-08-07 04:04:33.082340+00:00,2025-08-07 16:06:31.387518+00:00,Waxing Crescent
2025-08-08,2025-08-08 04:04:23.192315+00:00,2025-08-08 16:06:25.648558+00:00,Waxing gibbous
2025-08-09,2025-08-09 04:04:12.686245+00:00,2025-08-09 16:06:19.360485+00:00,Waxing gibbous
2025-08-10,2025-08-10 04:04:01.570984+00:00,2025-08-10 16:06:12.529261+00:00,Waxing gibbous
2025-08-11,2025-08-11 04:03:49.854021+00:00,2025-08-11 16:06:05.161486+00:00,Waxing gibbous
2025-08-12,2025-08-12 04:03:37.543464+00:00,2025-08-12 16:05:57.264390+00:00,Waxing gibbous
2025-08-13,2025-08-13 04:03:24.648021+00:00,2025-08-13 16:05:48.845806+00:00,Waxing gibbous
2025-08-14,2025-08-14 04:03:11.176980+00:00,2025-08-14 16:05:39.914156+00:00,Waxing gibbous
2025-08-15,2025-08-15 04:02:57.140192+00:00,2025-08-15 16:05:30.478432+00:00,Waning Gibbous
2025-08-16,2025-08-16 04:02:42.548050+00:00,2025-08-16 16:05:20.548176+00:00,Waning Gibbous
2025-08-17,2025-08-17 04:02:27.411473+00:00,2025-08-17 16:05:10.133460+00:00,Waning Gibbous
2025-08-18,2025-08-18 04:02:11.741880+00:00,2025-08-18 16:04:59.244871+00:00,Waning Gibbous
2025-08-19,2025-08-19 04:01:55.551180+00:00,2025-08-19 16:04:47.893487+00:00,Waning Gibbous
2025-08-20,2025-08-20 04:01:38.851748+00:00,2025-08-20 16:04:36.090862+00:00,Waning Gibbous
2025-08-21,2025-08-21 04:01:21.656406+00:00,2025-08-21 16:04:23.849005+00:00,Waning Gibbous
2025-08-22,2025-08-22 04:01:03.978408+00:00,2025-08-22 16:04:11.180366+00:00,Waning Gibbous
2025-08-23,2025-08-23 04:00:45.831421+00:00,2025-08-23 16:03:58.097813+00:00,Last Quarter
2025-08-24,2025-08-24 04:00:27.229508+00:00,2025-08-24 16:03:44.614619+00:00,Last Quarter
2025-08-25,2025-08-25 04:00:08.187111+00:00,2025-08-25 16:03:30.744442+00:00,Last Quarter
2025-08-26,2025-08-26 03:59:48.719033+00:00,2025-08-26 16:03:16.501311+00:00,Last Quarter
2025-08-27,2025-08-27 03:59:28.840426+00:00,2025-08-27 16:03:01.899607+00:00,Last Quarter
2025-08-28,2025-08-28 03:59:08.566772+00:00,2025-08-28 16:02:46.954051+00:00,Last Quarter
2025-08-29,2025-08-29 03:58:47.913873+00:00,2025-08-29 16:02:31.679687+00:00,Last Quarter
2025-08-30,2025-08-30 03:58:26.897831+00:00,2025-08-30 16:02:16.091868+00:00,New Moon
2025-08-31,2025-08-31 03:58:05.535040+00:00,2025-08-31 16:02:00.206242+00:00,Waxing Crescent
2025-09-01,2025-09-01 03:57:43.842170+00:00,2025-09-01 16:01:44.038738+00:00,Waxing Crescent
2025-09-02,2025-09-02 03:57:21.836158+00:00,2025-09-02 16:01:27.605558+00:00,Waxing Crescent
2025-09-03,2025-09-03 03:56:59.534193+00:00,2025-09-03 16:01:10.923158+00:00,Waxing Crescent
2025-09-04,2025-09-04 03:56:36.953706+00:00,2025-09-04 16:00:54.008242+00:00,Waxing Crescent
2025-09-05,2025-09-05 03:56:14.112364+00:00,2025-09-05 16:00:36.877748+00:00,Waxing Crescent
2025-09-06,2025-09-06 03:55:51.028053+00:00,2025-09-06 16:00:19.548839+00:00,Waxing gibbous
2025-09-07,2025-09-07 03:55:27.718875+00:00,2025-09-07 16:00:02.038893+00:00,Waxing gibbous
2025-09-08,2025-09-08 03:55:04.203137+00:00,2025-09-08 15:59:44.365493+00:00,Waxing gibbous
2025-09-09,2025-09-09 03:54:40.499341+00:00,2025-09-09 15:59:26.546419+00:00,Waxing gibbous
2025-09-10,2025-09-10 03:54:16.626181+00:00,2025-09-10 15:59:08.599639+00:00,Waxing gibbous
2025-09-11,2025-09-11 03:53:52.602531+00:00,2025-09-11 15:58:50.543298+00:00,Waxing gibbous
2025-09-12,2025-09-12 03:53:28.447442+00:00,2025-09-12 15:58:32.395716+00:00,Waxing gibbous
2025-09-13,2025-09-13 03:53:04.180131+00:00,2025-09-13 15:58:14.175374+00:00,Waning Gibbous
2025-09-14,2025-09-14 03:52:39.819980+00:00,2025-09-14 15:57:55.900912+00:00,Waning Gibbous
2025-09-15,2025-09-15 03:52:15.386525+00:00,2025-09-15 15:57:37.591117+00:00,Waning Gibbous
2025-09-16,2025-09-16 03:51:50.899453+00:00,2025-09-16 15:57:19.264917+00:00,Waning Gibbous
2025-09-17,2025-09-17 03:51:26.378594+00:00,2025-09-17 15:57:00.941378+00:00,Waning Gibbous
2025-09-18,2025-09-18 03:51:01.843919+00:00,2025-09-18 15:56:42.639689+00:00,Waning Gibbous
2025-09-19,2025-09-19 03:50:37.315528+00:00,2025-09-19 15:56:24.379163+00:00,Waning Gibbous
2025-09-20,2025-09-20 03:50:12.813649+00:00,2025-09-20 15:56:06.179221+00:00,Waning Gibbous
2025-09-21,2025-09-21 03:49:48.358631+00:00,2025-09-21 15:55:48.059392+00:00,Last Quarter
2025-09-22,2025-09-22 03:49:23.970936+00:00,2025-09-22 15:55:30.039301+00:00,Last Quarter
2025-09-23,2025-09-23 03:48:59.671132+00:00,2025-09-23 15:55:12.138658+00:00,Last Quarter
2025-09-24,2025-09-24 03:48:35.479888+00:00,2025-09-24 15:54:54.377257+00:00,Last Quarter
2025-09-25,2025-09-25 03:48:11.417966+00:00,2025-09-25 15:54:36.774958+00:00,Last Quarter
2025-09-26,2025-09-26 03:47:47.506210+00:00,2025-09-26 15:54:19.351684+00:00,Last Quarter
2025-09-27,2025-09-27 03:47:23.765543+00:00,2025-09-27 15:54:02.127406+00:00,Last Quarter
2025-09-28,2025-09-28 03:47:00.216953+00:00,2025-09-28 15:53:45.122133+00:00,Last Quarter
2025-09-29,2025-09-29 03:46:36.881486+00:00,2025-09-29 15:53:28.355904+00:00,New Moon
2025-09-30,2025-09-30 03:46:13.780233+00:00,2025-09-30 15:53:11.848769+00:00,Waxing Crescent
2025-10-01,2025-10-01 03:45:50.934321+00:00,2025-10-01 15:52:55.620782+00:00,Waxing Crescent
2025-10-02,2025-10-02 03:45:28.364900+00:00,2025-10-02 15:52:39.691980+00:00,Waxing Crescent
2025-10-03,2025-10-03 03:45:06.093132+00:00,2025-10-03 15:52:24.082376+00:00,Waxing Crescent
2025-10-04,2025-10-04 03:44:44.140173+00:00,2025-10-04 15:52:08.811937+00:00,Waxing Crescent
2025-10-05,2025-10-05 03:44:22.527161+00:00,2025-10-05 15:51:53.900569+00:00,Waxing Crescent
2025-10-06,2025-10-06 03:44:01.275202+00:00,2025-10-06 15:51:39.368099+00:00,Waxing gibbous
2025-10-07,2025-10-07 03:43:40.405349+00:00,2025-10-07 15:51:25.234259+00:00,Waxing gibbous
2025-10-08,2025-10-08 03:43:19.938590+00:00,2025-10-08 15:51:11.518660+00:00,Waxing gibbous
2025-10-09,2025-10-09 03:42:59.895824+00:00,2025-10-09 15:50:58.240779+00:00,Waxing gibbous
2025-10-10,2025-10-10 03:42:40.297844+00:00,2025-10-10 15:50:45.419930+00:00,Waxing gibbous
2025-10-11,2025-10-11 03:42:21.165316+00:00,2025-10-11 15:50:33.075247+00:00,Waxing gibbous
2025-10-12,2025-10-12 03:42:02.518760+00:00,2025-10-12 15:50:21.225656+00:00,Waxing gibbous
2025-10-13,2025-10-13 03:41:44.378523+00:00,2025-10-13 15:50:09.889856+00:00,Waning Gibbous
2025-10-14,2025-10-14 03:41:26.764758+00:00,2025-10-14 15:49:59.086285+00:00,Waning Gibbous
2025-10-15,2025-10-15 03:41:09.697400+00:00,2025-10-15 15:49:48.833103+00:00,Waning Gibbous
2025-10-16,2025-10-16 03:40:53.196138+00:00,2025-10-16 15:49:39.148158+00:00,Waning Gibbous
2025-10-17,2025-10-17 03:40:37.280392+00:00,2025-10-17 15:49:30.048961+00:00,Waning Gibbous
2025-10-18,2025-10-18 03:40:21.969286+00:00,2025-10-18 15:49:21.552657+00:00,Waning Gibbous
2025-10-19,2025-10-19 03:40:07.281617+00:00,2025-10-19 15:49:13.675993+00:00,Waning Gibbous
2025-10-20,2025-10-20 03:39:53.235828+00:00,2025-10-20 15:49:06.435293+00:00,Waning Gibbous
2025-10-21,2025-10-21 03:39:39.849980+00:00,2025-10-21 15:48:59.846422+00:00,Last Quarter
2025-10-22,2025-10-22 03:39:27.141721+00:00,2025-10-22 15:48:53.924759+00:00,Last Quarter
2025-10-23,2025-10-23 03:39:15.128255+00:00,2025-10-23 15:48:48.685162+00:00,Last Quarter
2025-10-24,2025-10-24 03:39:03.826315+00:00,2025-10-24 15:48:44.141941+00:00,Last Quarter
2025-10-25,2025-10-25 03:38:53.252124+00:00,2025-10-25 15:48:40.308818+00:00,Last Quarter
2025-10-26,2025-10-26 03:38:43.421372+00:00,2025-10-26 15:48:37.198905+00:00,Last Quarter
2025-10-27,2025-10-27 03:38:34.349179+00:00,2025-10-27 15:48:34.824663+00:00,Last Quarter
2025-10-28,2025-10-28 03:38:26.050065+00:00,2025-10-28 15:48:33.197873+00:00,New Moon
2025-10-29,2025-10-29 03:38:18.537919+00:00,2025-10-29 15:48:32.329608+00:00,Waxing Crescent
2025-10-30,2025-10-30 03:38:11.825963+00:00,2025-10-30 15:48:32.230194+00:00,Waxing Crescent
2025-10-31,2025-10-31 03:38:05.926727+00:00,2025-10-31 15:48:32.909183+00:00,Waxing Crescent
2025-11-01,2025-11-01 03:38:00.852011+00:00,2025-11-01 15:48:34.375325+00:00,Waxing Crescent
2025-11-02,2025-11-02 03:37:56.612858+00:00,2025-11-02 15:48:36.636530+00:00,Waxing Crescent
2025-11-03,2025-11-03 03:37:53.219524+00:00,2025-11-03 15:48:39.699847+00:00,Waxing Crescent
2025-11-04,2025-11-04 03:37:50.681444+00:00,2025-11-04 15:48:43.571429+00:00,Waxing gibbous
2025-11-05,2025-11-05 03:37:49.007207+00:00,2025-11-05 15:48:48.256510+00:00,Waxing gibbous
2025-11-06,2025-11-06 03:37:48.204526+00:00,2025-11-06 15:48:53.759375+00:00,Waxing gibbous
2025-11-07,2025-11-07 03:37:48.280208+00:00,2025-11-07 15:49:00.083340+00:00,Waxing gibbous
2025-11-08,2025-11-08 03:37:49.240134+00:00,2025-11-08 15:49:07.230720+00:00,Waxing gibbous
2025-11-09,2025-11-09 03:37:51.089225+00:00,2025-11-09 15:49:15.202815+00:00,Waxing gibbous
2025-11-10,2025-11-10 03:37:53.831426+00:00,2025-11-10 15:49:23.999884+00:00,Waxing gibbous
2025-11-11,2025-11-11 03:37:57.469677+00:00,2025-11-11 15:49:33.621127+00:00,Waning Gibbous
2025-11-12,2025-11-12 03:38:02.005897+00:00,2025-11-12 15:49:44.064669+00:00,Waning Gibbous
2025-11-13,2025-11-13 03:38:07.440957+00:00,2025-11-13 15:49:55.327542+00:00,Waning Gibbous
2025-11-14,2025-11-14 03:38:13.774671+00:00,2025-11-14 15:50:07.405672+00:00,Waning Gibbous
2025-11-15,2025-11-15 03:38:21.005770+00:00,2025-11-15 15:50:20.293871+00:00,Waning Gibbous
2025-11-16,2025-11-16 03:38:29.131895+00:00,2025-11-16 15:50:33.985822+00:00,Waning Gibbous
2025-11-17,2025-11-17 03:38:38.149580+00:00,2025-11-17 15:50:48.474074+00:00,Waning Gibbous
2025-11-18,2025-11-18 03:38:48.054240+00:00,2025-11-18 15:51:03.750039+00:00,Waning Gibbous
2025-11-19,2025-11-19 03:38:58.840167+00:00,2025-11-19 15:51:19.803988+00:00,Last Quarter
2025-11-20,2025-11-20 03:39:10.500519+00:00,2025-11-20 15:51:36.625048+00:00,Last Quarter
2025-11-21,2025-11-21 03:39:23.027317+00:00,2025-11-21 15:51:54.201211+00:00,Last Quarter
2025-11-22,2025-11-22 03:39:36.411441+00:00,2025-11-22 15:52:12.519331+00:00,Last Quarter
2025-11-23,2025-11-23 03:39:50.642632+00:00,2025-11-23 15:52:31.565136+00:00,Last Quarter
2025-11-24,2025-11-24 03:40:05.709494+00:00,2025-11-24 15:52:51.323239+00:00,Last Quarter
2025-11-25,2025-11-25 03:40:21.599497+00:00,2025-11-25 15:53:11.777144+00:00,Last Quarter
2025-11-26,2025-11-26 03:40:38.298983+00:00,2025-11-26 15:53:32.909269+00:00,Last Quarter
2025-11-27,2025-11-27 03:40:55.793178+00:00,2025-11-27 15:53:54.700957+00:00,New Moon
2025-11-28,2025-11-28 03:41:14.066204+00:00,2025-11-28 15:54:17.132500+00:00,Waxing Crescent
2025-11-29,2025-11-29 03:41:33.101088+00:00,2025-11-29 15:54:40.183160+00:00,Waxing Crescent
2025-11-30,2025-11-30 03:41:52.879783+00:00,2025-11-30 15:55:03.831194+00:00,Waxing Crescent
2025-12-01,2025-12-01 03:42:13.383188+00:00,2025-12-01 15:55:28.053884+00:00,Waxing Crescent
2025-12-02,2025-12-02 03:42:34.591163+00:00,2025-12-02 15:55:52.827563+00:00,Waxing Crescent
2025-12-03,2025-12-03 03:42:56.482560+00:00,2025-12-03 15:56:18.127650+00:00,Waxing Crescent
2025-12-04,2025-12-04 03:43:19.035242+00:00,2025-12-04 15:56:43.928684+00:00,Waxing gibbous
2025-12-05,2025-12-05 03:43:42.226119+00:00,2025-12-05 15:57:10.204362+00:00,Waxing gibbous
2025-12-06,2025-12-06 03:44:06.031171+00:00,2025-12-06 15:57:36.927577+00:00,Waxing gibbous
2025-12-07,2025-12-07 03:44:30.425484+00:00,2025-12-07 15:58:04.070457+00:00,Waxing gibbous
2025-12-08,2025-12-08 03:44:55.383288+00:00,2025-12-08 15:58:31.604413+00:00,Waxing gibbous
2025-12-09,2025-12-09 03:45:20.877988+00:00,2025-12-09 15:58:59.500179+00:00,Waxing gibbous
2025-12-10,2025-12-10 03:45:46.882208+00:00,2025-12-10 15:59:27.727861+00:00,Waxing gibbous
2025-12-11,2025-12-11 03:46:13.367827+00:00,2025-12-11 15:59:56.256984+00:00,Waning Gibbous
2025-12-12,2025-12-12 03:46:40.306029+00:00,2025-12-12 16:00:25.056544+00:00,Waning Gibbous
2025-12-13,2025-12-13 03:47:07.667339+00:00,2025-12-13 16:00:54.095056+00:00,Waning Gibbous
2025-12-14,2025-12-14 03:47:35.421676+00:00,2025-12-14 16:01:23.340608+00:00,Waning Gibbous
2025-12-15,2025-12-15 03:48:03.538399+00:00,2025-12-15 16:01:52.760913+00:00,Waning Gibbous
2025-12-16,2025-12-16 03:48:31.986353+00:00,2025-12-16 16:02:22.323364+00:00,Waning Gibbous
2025-12-17,2025-12-17 03:49:00.733925+00:00,2025-12-17 16:02:51.995089+00:00,Waning Gibbous
2025-12-18,2025-12-18 03:49:29.749089+00:00,2025-12-18 16:03:21.743008+00:00,Waning Gibbous
2025-12-19,2025-12-19 03:49:58.999465+00:00,2025-12-19 16:03:51.533886+00:00,Last Quarter
2025-12-20,2025-12-20 03:50:28.452372+00:00,2025-12-20 16:04:21.334392+00:00,Last Quarter
2025-12-21,2025-12-21 03:50:58.074877+00:00,2025-12-21 16:04:51.111153+00:00,Last Quarter
2025-12-22,2025-12-22 03:51:27.833858+00:00,2025-12-22 16:05:20.830814+00:00,Last Quarter
2025-12-23,2025-12-23 03:51:57.696053+00:00,2025-12-23 16:05:50.460094+00:00,Last Quarter
2025-12-24,2025-12-24 03:52:27.628121+00:00,2025-12-24 16:06:19.965837+00:00,Last Quarter
2025-12-25,2025-12-25 03:52:57.596695+00:00,2025-12-25 16:06:49.315078+00:00,Last Quarter
2025-12-26,2025-12-26 03:53:27.568442+00:00,2025-12-26 16:07:18.475087+00:00,New Moon
2025-12-27,2025-12-27 03:53:57.510116+00:00,2025-12-27 16:07:47.413431+00:00,Waxing Crescent
2025-12-28,2025-12-28 03:54:27.388616+00:00,2025-12-28 16:08:16.098027+00:00,Waxing Crescent
2025-12-29,2025-12-29 03:54:57.171042+00:00,2025-12-29 16:08:44.497191+00:00,Waxing Crescent
2025-12-30,2025-12-30 03:55:26.824750+00:00,2025-12-30 16:09:12.579694+00:00,Waxing Crescent
2025-12-31,2025-12-31 03:55:56.317405+00:00,2025-12-31 16:09:40.314810+00:00,Waxing Crescent
